id,first_name,last_name,email,ip_address
1,Patricia,Fox,pfox0@theguardian.com,42.233.121.100
2,Lillian,Jones,ljones1@joomla.org,43.91.172.59
3,Sean,Richards,srichards2@ucoz.com,44.172.111.203
4,Albert,Robertson,arobertson3@etsy.com,132.46.115.31
5,Daniel,Gordon,dgordon4@wikispaces.com,159.106.223.7
6,Walter,Rice,wrice5@nationalgeographic.com,199.253.254.105
7,Carol,Peters,cpeters6@cocolog-nifty.com,24.188.100.130
8,Paul,Vasquez,pvasquez7@is.gd,154.108.178.245
9,Janice,Chavez,jchavez8@icio.us,10.40.251.251
10,Bobby,Johnston,bjohnston9@ucsd.edu,87.59.243.207
11,Betty,Myers,bmyersa@utexas.edu,26.30.200.255
12,Alan,Gardner,agardnerb@bloglines.com,119.140.182.22
13,Juan,Kennedy,jkennedyc@eepurl.com,10.239.231.200
14,Justin,Ellis,jellisd@weibo.com,5.71.122.145
15,Benjamin,Allen,ballene@unesco.org,60.252.181.81
16,Susan,Harrison,sharrisonf@yellowpages.com,90.248.83.2
17,Wanda,Wilson,wwilsong@blinklist.com,105.0.24.9
18,Alan,Porter,aporterh@furl.net,204.198.172.152
19,Frank,Fernandez,ffernandezi@ft.com,23.114.125.212
20,Angela,Dean,adeanj@pinterest.com,96.89.160.216
21,Maria,Dixon,mdixonk@google.pl,99.108.139.204
22,Patrick,Armstrong,parmstrongl@51.la,234.193.153.15
23,Raymond,Martin,rmartinm@prlog.org,152.231.47.51
24,Judith,Franklin,,92.237.237.103
25,Eugene,Wright,ewrighto@biblegateway.com,221.93.35.229
26,Jeffrey,Rogers,jrogersp@list-manage.com,65.99.155.206
27,Barbara,Adams,badamsq@discovery.com,75.199.169.92
28,Phyllis,Henderson,phendersonr@simplemachines.org,253.192.41.20
29,Paula,Lopez,plopezs@fc2.com,14.238.228.9
30,Harold,Ramirez,hramirezt@cmu.edu,158.124.6.45
31,Scott,Bradley,sbradleyu@joomla.org,148.48.59.153
32,Janet,Dean,jdeanv@arstechnica.com,216.192.41.120
33,George,Chapman,gchapmanw@yellowbook.com,152.233.248.137
34,Lawrence,Frazier,lfrazierx@ibm.com,61.9.80.69
35,Susan,Hunter,shuntery@rakuten.co.jp,94.49.148.112
36,Kathryn,Alexander,kalexanderz@homestead.com,195.171.24.96
37,Cheryl,Allen,callen10@nature.com,69.1.33.103
38,Billy,Carroll,bcarroll11@mozilla.org,133.218.195.255
39,Albert,Carr,acarr12@jiathis.com,208.52.156.25
40,Barbara,Lawson,blawson13@discovery.com,170.199.246.130
41,Ernest,Graham,egraham14@amazon.co.uk,34.103.141.232
42,Jennifer,Smith,jsmith15@reverbnation.com,132.216.22.205
43,Jeffrey,Ray,jray16@cbslocal.com,183.81.204.123
44,Charles,Bell,cbell17@hubpages.com,82.202.241.130
45,Phyllis,Ruiz,pruiz18@soundcloud.com,250.75.67.250
46,Lillian,Romero,lromero19@amazon.co.jp,228.2.46.83
47,Victor,Jenkins,vjenkins1a@homestead.com,217.126.27.97
48,Tina,Carr,tcarr1b@google.co.jp,94.100.100.181
49,Jennifer,Sims,jsims1c@pcworld.com,198.4.77.228
50,Christopher,Lynch,clynch1d@hao123.com,183.59.210.213
51,Steven,Peterson,speterson1e@cpanel.net,189.211.131.122
52,Angela,Carroll,acarroll1f@godaddy.com,232.164.31.112
53,Tina,Perry,tperry1g@wikispaces.com,142.142.229.131
54,Dennis,Shaw,dshaw1h@pagesperso-orange.fr,195.141.68.255
55,Juan,Morris,jmorris1i@issuu.com,26.160.115.105
56,Howard,Carroll,,5.226.161.217
57,Debra,Romero,dromero1k@google.cn,199.49.90.95
58,Russell,Romero,rromero1l@biblegateway.com,216.236.73.171
59,John,Miller,jmiller1m@webnode.com,254.252.94.191
60,Jason,Mason,jmason1n@stumbleupon.com,141.72.110.171
61,Debra,Hawkins,dhawkins1o@newyorker.com,222.23.82.136
62,Teresa,Clark,tclark1p@chronoengine.com,85.148.17.27
63,Christine,Reed,creed1q@reference.com,255.44.29.14
64,Bruce,Jordan,bjordan1r@indiegogo.com,124.211.218.231
65,Gloria,Green,ggreen1s@bizjournals.com,126.192.125.182
66,Fred,Hill,fhill1t@t.co,249.5.76.225
67,Judy,Weaver,jweaver1u@topsy.com,212.119.24.38
68,Russell,Cox,rcox1v@webeden.co.uk,32.241.187.97
69,Craig,Stone,cstone1w@umn.edu,157.29.58.10
70,Denise,Ortiz,,101.138.75.119
71,John,Andrews,jandrews1y@columbia.edu,91.34.16.191
72,Theresa,Kennedy,tkennedy1z@usgs.gov,252.72.231.170
73,Douglas,West,dwest20@shinystat.com,102.242.22.88
74,Ann,Moreno,amoreno21@cmu.edu,179.106.245.200
75,Amy,Howard,ahoward22@vistaprint.com,79.32.187.215
76,Tammy,Burton,tburton23@plala.or.jp,15.41.230.248
77,Kevin,Collins,kcollins24@blogger.com,112.251.150.13
78,Rebecca,Porter,,232.28.4.11
79,Ryan,Roberts,rroberts26@flavors.me,58.60.105.217
80,Gloria,George,ggeorge27@amazon.co.jp,45.110.106.121
81,Judy,Robertson,jrobertson28@prlog.org,231.72.225.42
82,Dennis,Phillips,dphillips29@nytimes.com,255.137.242.119
83,Betty,Barnes,bbarnes2a@amazon.de,126.245.80.239
84,Brenda,Rose,brose2b@xing.com,210.92.76.103
85,Russell,Hughes,rhughes2c@hhs.gov,161.48.217.86
86,Catherine,Martinez,cmartinez2d@mysql.com,94.91.11.92
87,Karen,Marshall,kmarshall2e@forbes.com,189.212.230.201
88,Rachel,Ward,rward2f@amazon.co.uk,146.74.99.118
89,Kevin,Henderson,khenderson2g@newyorker.com,91.187.182.9
90,Diana,Anderson,danderson2h@ft.com,161.147.186.243
91,Willie,Ryan,wryan2i@businesswire.com,241.38.229.55
92,Gary,Richards,grichards2j@rediff.com,250.109.136.86
93,Aaron,Lane,alane2k@cdbaby.com,231.146.2.164
94,Andrew,Jacobs,ajacobs2l@livejournal.com,237.116.17.21
95,Margaret,Ruiz,mruiz2m@unblog.fr,152.243.27.239
96,Stephen,Gibson,sgibson2n@bloglovin.com,64.131.156.167
97,George,Hill,ghill2o@squarespace.com,204.192.255.123
98,Susan,Williamson,swilliamson2p@nyu.edu,68.102.8.36
99,Doris,Hamilton,dhamilton2q@sfgate.com,31.7.145.32
100,Katherine,Martinez,kmartinez2r@e-recht24.de,103.148.62.151
101,Sarah,Morris,smorris2s@pinterest.com,198.132.232.185
102,Deborah,Pierce,dpierce2t@who.int,147.126.255.23
103,Carlos,Kelley,ckelley2u@nba.com,221.75.78.118
104,Beverly,Edwards,bedwards2v@dropbox.com,40.86.12.194
105,Adam,Mitchell,amitchell2w@alexa.com,133.162.15.216
106,John,Williamson,jwilliamson2x@cocolog-nifty.com,236.172.35.134
107,Jose,Hansen,jhansen2y@mapquest.com,254.12.138.143
108,Harry,Nguyen,hnguyen2z@nyu.edu,160.222.155.71
109,Kevin,Flores,kflores30@fema.gov,236.29.88.47
110,Debra,Hamilton,dhamilton31@free.fr,185.250.37.30
111,Stephanie,Little,slittle32@creativecommons.org,1.207.168.215
112,Phyllis,Hernandez,phernandez33@businesswire.com,253.182.18.29
113,Howard,Bradley,hbradley34@irs.gov,199.160.37.110
114,Sandra,Romero,sromero35@skyrock.com,108.22.62.229
115,Joseph,Williams,jwilliams36@patch.com,247.67.183.128
116,Henry,Gilbert,hgilbert37@thetimes.co.uk,148.125.130.215
117,Jason,Armstrong,jarmstrong38@bbc.co.uk,197.131.235.218
118,Frank,Hall,fhall39@skype.com,46.150.240.209
119,Carolyn,Griffin,,75.62.76.38
120,Sarah,Bradley,sbradley3b@godaddy.com,27.39.43.143
121,Christina,Mendoza,cmendoza3c@alexa.com,226.248.141.42
122,Jose,Ford,jford3d@twitter.com,229.213.62.120
123,Richard,Bailey,rbailey3e@com.com,99.96.99.27
124,Patrick,Hall,phall3f@desdev.cn,243.127.142.30
125,Martha,Patterson,mpatterson3g@loc.gov,76.35.120.117
126,Brenda,Stewart,bstewart3h@bing.com,86.57.27.199
127,Ruby,Hunter,rhunter3i@deviantart.com,208.232.200.4
128,Louis,Ellis,lellis3j@youtube.com,112.186.204.195
129,Henry,Bell,hbell3k@businessweek.com,243.93.254.94
130,Kevin,Hicks,khicks3l@amazon.co.jp,40.16.155.102
131,Adam,Griffin,agriffin3m@noaa.gov,53.22.248.17
132,Judy,Carroll,jcarroll3n@weibo.com,111.73.245.249
133,Ann,Mccoy,amccoy3o@is.gd,225.246.245.250
134,Joshua,Day,jday3p@ted.com,174.193.0.178
135,Henry,Marshall,hmarshall3q@pbs.org,94.219.243.192
136,Linda,Henry,lhenry3r@opera.com,230.19.156.176
137,Donna,Banks,dbanks3s@who.int,251.44.44.71
138,Anne,Ford,,34.18.181.206
139,Deborah,Lane,dlane3u@bing.com,70.113.115.244
140,Joe,Reed,jreed3v@google.pl,151.127.250.199
141,Cynthia,Mills,cmills3w@google.com.hk,170.67.86.200
142,David,Nelson,,148.94.129.41
143,Jeremy,Day,jday3y@nps.gov,183.192.218.2
144,Earl,Rogers,erogers3z@wiley.com,75.41.52.74
145,John,Williamson,jwilliamson40@ftc.gov,54.197.239.198
146,Angela,Morrison,,133.20.109.143
147,Lisa,Thompson,lthompson42@de.vu,134.153.202.102
148,Larry,Brown,lbrown43@house.gov,162.11.156.11
149,Robert,Murphy,rmurphy44@printfriendly.com,106.51.245.158
150,Rose,Patterson,rpatterson45@wikispaces.com,50.211.175.86
151,Tina,Johnson,tjohnson46@networksolutions.com,201.188.1.91
152,Sean,Bailey,sbailey47@independent.co.uk,215.181.19.97
153,Stephen,Carpenter,scarpenter48@last.fm,153.51.198.153
154,Carolyn,Ramos,cramos49@addthis.com,68.212.85.84
155,Jason,Warren,,230.63.40.147
156,Frances,Henderson,fhenderson4b@xrea.com,220.171.77.208
157,Jeremy,Campbell,jcampbell4c@com.com,41.45.236.69
158,Craig,Kelly,ckelly4d@washingtonpost.com,173.51.103.85
159,William,Harvey,wharvey4e@stumbleupon.com,93.142.97.71
160,Roy,Cunningham,rcunningham4f@sogou.com,32.113.243.200
161,Tina,Bailey,tbailey4g@dailymotion.com,253.146.24.227
162,Carol,Mason,cmason4h@oracle.com,104.26.119.255
163,Theresa,Alexander,talexander4i@msu.edu,26.227.164.113
164,Jose,Perry,jperry4j@fotki.com,190.177.233.181
165,Paul,Castillo,pcastillo4k@netscape.com,98.220.226.129
166,Larry,Ford,,110.27.48.74
167,Doris,Fowler,dfowler4m@squidoo.com,100.250.193.230
168,Johnny,Arnold,jarnold4n@shutterfly.com,140.252.18.6
169,Ruth,Jones,rjones4o@goo.ne.jp,159.198.221.49
170,Rachel,Stone,rstone4p@weebly.com,47.152.118.193
171,Jacqueline,Porter,jporter4q@nyu.edu,28.55.218.248
172,Donna,Gutierrez,dgutierrez4r@studiopress.com,32.139.110.243
173,Rose,Johnson,,25.70.228.135
174,Judith,Gardner,jgardner4t@t.co,119.98.18.32
175,Donald,Jackson,djackson4u@tripadvisor.com,179.167.141.153
176,Billy,Gilbert,bgilbert4v@umn.edu,202.103.28.63
177,Frances,Snyder,fsnyder4w@digg.com,214.54.131.159
178,Ernest,Ryan,eryan4x@amazon.com,169.57.6.19
179,Laura,Howell,lhowell4y@soundcloud.com,69.188.164.191
180,Margaret,Cole,mcole4z@businessweek.com,197.19.12.119
181,Matthew,Russell,mrussell50@utexas.edu,32.184.116.179
182,Harry,Shaw,hshaw51@independent.co.uk,148.113.237.255
183,Teresa,Holmes,tholmes52@discuz.net,122.228.122.139
184,Maria,Olson,molson53@cyberchimps.com,249.18.112.255
185,Craig,Russell,crussell54@clickbank.net,197.150.173.174
186,Alan,Lee,alee55@army.mil,231.219.129.86
187,Michael,Murphy,mmurphy56@scribd.com,53.224.231.176
188,Rebecca,Turner,rturner57@prnewswire.com,236.126.203.207
189,Angela,Mcdonald,amcdonald58@sun.com,154.218.77.181
190,Louis,Anderson,landerson59@washington.edu,27.3.90.31
191,Joseph,Robertson,jrobertson5a@ibm.com,23.37.160.140
192,Rachel,Davis,rdavis5b@xing.com,144.190.45.90
193,Henry,Simpson,hsimpson5c@ifeng.com,74.253.70.61
194,Amy,Wilson,awilson5d@army.mil,109.98.150.94
195,Rachel,Gonzales,rgonzales5e@fda.gov,12.88.170.196
196,Carolyn,Alexander,calexander5f@netvibes.com,106.81.151.91
197,Karen,Williamson,kwilliamson5g@histats.com,154.107.134.233
198,Ruby,Ross,rross5h@vistaprint.com,176.44.114.196
199,Shirley,Simmons,ssimmons5i@bravesites.com,240.107.21.176
200,Amanda,Ruiz,aruiz5j@privacy.gov.au,33.149.6.228
201,Frances,Turner,fturner5k@mapy.cz,118.159.255.136
202,Wayne,Richards,wrichards5l@ezinearticles.com,54.233.236.59
203,Diana,Adams,dadams5m@go.com,56.223.219.248
204,Martin,Martinez,mmartinez5n@google.ca,114.34.47.79
205,Raymond,Perry,rperry5o@cloudflare.com,229.15.130.178
206,Denise,Warren,dwarren5p@slashdot.org,146.64.178.254
207,Frank,Watson,fwatson5q@pagesperso-orange.fr,193.159.255.66
208,Roger,Bradley,rbradley5r@wikispaces.com,78.249.146.80
209,Jonathan,Frazier,jfrazier5s@eventbrite.com,11.212.75.153
210,William,Lane,wlane5t@home.pl,233.137.50.145
211,Carol,Larson,clarson5u@ibm.com,153.36.163.140
212,Douglas,Rogers,drogers5v@mail.ru,72.242.149.96
213,Daniel,Payne,dpayne5w@craigslist.org,52.158.158.51
214,Stephanie,Larson,slarson5x@privacy.gov.au,23.231.95.68
215,Johnny,Cook,jcook5y@state.tx.us,91.224.34.74
216,Anne,Griffin,agriffin5z@sitemeter.com,34.47.234.66
217,Wanda,Burton,wburton60@umich.edu,252.183.249.220
218,Keith,Hall,khall61@wisc.edu,239.39.88.99
219,Donna,Kennedy,,4.58.208.37
220,Thomas,Walker,twalker63@google.pl,78.83.148.37
221,Scott,Larson,slarson64@netlog.com,46.133.141.92
222,Benjamin,Torres,btorres65@globo.com,38.249.175.35
223,Sharon,Daniels,sdaniels66@umich.edu,122.57.81.216
224,Bonnie,Brooks,bbrooks67@pinterest.com,52.250.144.152
225,Irene,Ramos,iramos68@netscape.com,17.102.193.121
226,John,Robertson,jrobertson69@reddit.com,96.68.253.5
227,Beverly,Martin,bmartin6a@kickstarter.com,230.39.72.189
228,Anthony,Young,ayoung6b@disqus.com,7.9.84.171
229,Todd,Holmes,tholmes6c@cam.ac.uk,134.40.62.192
230,Steve,Griffin,sgriffin6d@tamu.edu,38.138.192.126
231,Elizabeth,Harris,eharris6e@archive.org,102.230.165.65
232,Melissa,Dean,mdean6f@sogou.com,86.104.27.67
233,Donna,Garza,dgarza6g@goo.ne.jp,92.222.85.126
234,Elizabeth,Brooks,ebrooks6h@nps.gov,154.48.227.119
235,Carol,Gilbert,cgilbert6i@histats.com,73.117.199.8
236,Tina,Young,tyoung6j@yolasite.com,252.90.220.245
237,Jerry,Gibson,jgibson6k@sun.com,174.139.228.27
238,William,Spencer,,107.255.245.227
239,Lori,Nichols,lnichols6m@ed.gov,150.204.118.47
240,Irene,Martin,,106.125.118.139
241,Alice,Lawson,alawson6o@tinypic.com,44.223.237.37
242,Debra,Sanders,dsanders6p@unesco.org,218.74.228.250
243,Fred,Jones,fjones6q@rambler.ru,32.41.10.219
244,Kathryn,Austin,kaustin6r@bravesites.com,40.26.50.227
245,Kathy,Carter,kcarter6s@deliciousdays.com,11.231.230.56
246,Kenneth,Fowler,kfowler6t@huffingtonpost.com,0.229.73.178
247,Julie,Larson,jlarson6u@ask.com,53.59.80.65
248,Billy,Carpenter,bcarpenter6v@nhs.uk,223.197.117.68
249,Andrew,Warren,awarren6w@trellian.com,90.166.108.59
250,Louise,Moore,lmoore6x@npr.org,23.134.230.35
251,Karen,Brooks,kbrooks6y@gmpg.org,178.36.99.175
252,Joshua,Martin,jmartin6z@e-recht24.de,233.239.206.242
253,Carolyn,Cole,ccole70@fastcompany.com,177.173.173.9
254,Lois,Stevens,lstevens71@geocities.jp,61.245.66.8
255,Johnny,Nelson,jnelson72@nymag.com,51.116.160.106
256,Antonio,Richards,arichards73@yellowbook.com,85.218.74.171
257,Anthony,Harrison,aharrison74@amazon.com,111.116.204.180
258,Frank,Berry,fberry75@trellian.com,15.52.83.56
259,Patrick,Knight,pknight76@thetimes.co.uk,228.9.59.30
260,Paula,Ray,pray77@wikimedia.org,115.94.230.205
261,Karen,Evans,kevans78@blogger.com,122.222.77.57
262,Lois,Black,lblack79@furl.net,149.51.189.33
263,Ernest,Morrison,emorrison7a@xing.com,115.100.100.229
264,Richard,Hall,rhall7b@edublogs.org,72.41.72.1
265,Debra,Ruiz,druiz7c@liveinternet.ru,239.202.39.190
266,Frances,Snyder,fsnyder7d@zdnet.com,206.108.157.30
267,Katherine,Reyes,kreyes7e@biglobe.ne.jp,66.208.104.140
268,Ernest,Holmes,eholmes7f@studiopress.com,141.49.22.180
269,Ronald,Fernandez,,170.99.101.129
270,Dennis,Shaw,dshaw7h@mac.com,216.204.215.212
271,Donna,Lawson,dlawson7i@narod.ru,176.156.199.146
272,Michael,Nelson,mnelson7j@unc.edu,97.94.178.234
273,Justin,Mills,jmills7k@xinhuanet.com,201.172.204.245
274,Daniel,Lawson,,76.162.94.213
275,Gary,Crawford,gcrawford7m@nps.gov,220.122.216.43
276,Earl,Davis,,20.65.106.231
277,Earl,Murray,emurray7o@wordpress.com,254.117.56.92
278,Gerald,Powell,gpowell7p@cisco.com,89.156.96.140
279,Louis,Matthews,lmatthews7q@soundcloud.com,222.200.211.210
280,Willie,Johnston,wjohnston7r@theguardian.com,155.191.172.159
281,Beverly,Bradley,bbradley7s@tinyurl.com,77.151.52.0
282,Sharon,Ramirez,,166.52.30.209
283,Janice,Sims,jsims7u@shop-pro.jp,153.39.38.144
284,Wanda,Spencer,wspencer7v@oakley.com,198.11.63.144
285,Janet,Rice,jrice7w@google.co.jp,33.35.82.159
286,Arthur,Johnston,ajohnston7x@com.com,116.242.228.207
287,Chris,Parker,cparker7y@alexa.com,0.207.244.244
288,Nicholas,Reyes,nreyes7z@omniture.com,45.117.30.134
289,Peter,Boyd,pboyd80@google.com.hk,229.53.190.207
290,Kimberly,Roberts,kroberts81@scribd.com,131.222.124.232
291,Harry,Cooper,hcooper82@irs.gov,21.196.52.146
292,George,Morales,gmorales83@webeden.co.uk,7.211.19.16
293,Melissa,Mitchell,mmitchell84@bbb.org,8.110.41.179
294,Amy,Greene,agreene85@mozilla.com,81.81.123.113
295,Beverly,Hernandez,bhernandez86@amazon.co.jp,44.151.186.225
296,Louis,Carroll,lcarroll87@state.gov,105.107.171.214
297,Louis,Black,lblack88@uiuc.edu,103.84.13.124
298,Randy,Ryan,rryan89@indiegogo.com,37.189.230.95
299,Stephanie,Simpson,ssimpson8a@soundcloud.com,213.148.227.181
300,Stephen,Cox,scox8b@skype.com,113.67.230.231
301,Robin,Hansen,rhansen8c@tmall.com,112.40.34.36
302,Jose,Young,jyoung8d@nasa.gov,8.29.159.184
303,Peter,Carroll,pcarroll8e@wix.com,41.166.170.81
304,Amy,Lopez,alopez8f@meetup.com,59.197.158.56
305,Jack,Berry,jberry8g@netvibes.com,163.23.115.244
306,Roger,Wallace,rwallace8h@surveymonkey.com,75.137.209.26
307,Gloria,Bishop,gbishop8i@free.fr,248.142.89.175
308,Earl,Washington,ewashington8j@businessweek.com,75.201.89.82
309,Carolyn,Grant,cgrant8k@blogspot.com,132.87.244.38
310,Clarence,Bishop,,94.16.72.238
311,Jimmy,Hicks,jhicks8m@live.com,66.60.99.129
312,Sara,Sanchez,ssanchez8n@toplist.cz,210.118.119.77
313,Angela,Turner,aturner8o@microsoft.com,211.6.143.142
314,Julia,Knight,jknight8p@cocolog-nifty.com,216.206.27.65
315,Ruth,Murphy,rmurphy8q@google.nl,120.138.187.65
316,Beverly,Taylor,btaylor8r@ehow.com,70.121.195.113
317,Gary,Ruiz,gruiz8s@ovh.net,230.175.84.232
318,Norma,Rogers,nrogers8t@pbs.org,89.94.254.242
319,Mary,Sanders,msanders8u@a8.net,81.49.186.33
320,Eugene,Ellis,eellis8v@dagondesign.com,52.194.172.225
321,Lawrence,Patterson,lpatterson8w@nytimes.com,224.243.60.207
322,Cynthia,Miller,cmiller8x@imgur.com,237.52.27.144
323,Doris,Nguyen,dnguyen8y@cloudflare.com,169.188.110.222
324,Deborah,Wallace,dwallace8z@kickstarter.com,9.29.107.183
325,Robin,Allen,rallen90@epa.gov,36.43.17.8
326,Joseph,Stanley,jstanley91@stanford.edu,16.140.254.211
327,Peter,Mcdonald,pmcdonald92@yale.edu,255.155.177.119
328,Nancy,Perry,nperry93@usgs.gov,53.209.195.151
329,David,Arnold,darnold94@imgur.com,16.144.204.45
330,Randy,Young,ryoung95@sbwire.com,164.253.195.112
331,Jennifer,Fernandez,jfernandez96@usgs.gov,145.143.76.87
332,Jerry,Garrett,jgarrett97@aboutads.info,143.98.146.74
333,Jesse,Walker,jwalker98@twitter.com,175.128.241.196
334,Willie,Knight,wknight99@zdnet.com,74.223.192.23
335,Sean,Lopez,slopez9a@skype.com,167.204.104.255
336,Harry,Hicks,hhicks9b@taobao.com,44.234.30.227
337,Christina,James,cjames9c@deviantart.com,222.166.125.231
338,William,Harrison,wharrison9d@ted.com,204.225.138.17
339,Jose,Simmons,jsimmons9e@hatena.ne.jp,192.90.206.42
340,Amy,Morrison,amorrison9f@ucoz.ru,119.36.159.233
341,Gregory,Peters,gpeters9g@ifeng.com,226.67.178.235
342,Matthew,Walker,mwalker9h@wisc.edu,128.97.192.82
343,Andrew,Palmer,apalmer9i@bloglines.com,134.236.167.211
344,Patricia,Bradley,pbradley9j@shinystat.com,172.239.23.252
345,Bobby,Hunt,bhunt9k@nba.com,10.138.42.133
346,Amy,Powell,apowell9l@uiuc.edu,172.232.203.58
347,Amy,King,,60.54.78.127
348,Patrick,Bennett,pbennett9n@studiopress.com,43.146.73.107
349,Wayne,Mccoy,,224.125.127.22
350,Albert,Fox,afox9p@naver.com,135.62.110.89
351,Janice,Carr,jcarr9q@usa.gov,188.244.159.109
352,Karen,Barnes,kbarnes9r@google.fr,112.144.178.213
353,Scott,Campbell,scampbell9s@hibu.com,40.140.124.65
354,Norma,Morales,nmorales9t@examiner.com,11.66.145.17
355,Donna,Bryant,dbryant9u@so-net.ne.jp,68.204.152.60
356,Lillian,Perkins,lperkins9v@prnewswire.com,84.245.226.83
357,Patricia,Medina,pmedina9w@msn.com,254.161.176.73
358,Carl,Fowler,cfowler9x@opensource.org,13.131.244.87
359,Anthony,Riley,ariley9y@amazon.com,244.155.64.10
360,Annie,Martin,amartin9z@miibeian.gov.cn,118.254.80.36
361,Joan,Alexander,jalexandera0@mit.edu,140.200.211.205
362,Michael,Andrews,,3.114.69.184
363,Ashley,Patterson,apattersona2@tamu.edu,163.151.235.175
364,Scott,Fuller,sfullera3@reference.com,187.79.130.34
365,Susan,Gray,sgraya4@istockphoto.com,160.222.246.201
366,Amy,Morris,amorrisa5@accuweather.com,102.79.154.231
367,Gerald,Patterson,gpattersona6@dyndns.org,100.253.163.54
368,Sarah,Martinez,smartineza7@ustream.tv,129.222.147.222
369,Catherine,Martinez,cmartineza8@reddit.com,254.89.152.81
370,Henry,Watkins,hwatkinsa9@census.gov,26.76.116.93
371,Judith,Dixon,jdixonaa@shutterfly.com,207.252.213.82
372,Raymond,Ford,rfordab@altervista.org,213.237.31.10
373,Jesse,Gardner,jgardnerac@ted.com,86.172.13.71
374,Russell,Brooks,rbrooksad@a8.net,91.241.235.36
375,Walter,Woods,,190.123.47.128
376,Theresa,Hughes,thughesaf@cisco.com,23.217.20.174
377,Andrew,Bradley,abradleyag@psu.edu,148.234.225.88
378,Jean,Thompson,jthompsonah@ezinearticles.com,161.205.223.85
379,Jeremy,Walker,jwalkerai@google.ru,93.86.192.5
380,Philip,Castillo,pcastilloaj@tinypic.com,193.47.118.208
381,Annie,Nguyen,anguyenak@chicagotribune.com,220.9.124.140
382,Beverly,Reynolds,breynoldsal@photobucket.com,247.229.169.53
383,Earl,Gomez,egomezam@timesonline.co.uk,230.116.148.215
384,Timothy,Arnold,tarnoldan@elegantthemes.com,195.42.188.107
385,Paula,Andrews,pandrewsao@howstuffworks.com,142.42.72.49
386,Brian,Mason,bmasonap@cam.ac.uk,20.39.116.116
387,Virginia,Gray,vgrayaq@vk.com,111.130.214.233
388,Cynthia,Rose,crosear@purevolume.com,213.133.27.24
389,Ashley,Adams,aadamsas@exblog.jp,175.150.89.125
390,Juan,Berry,jberryat@telegraph.co.uk,3.117.91.234
391,Sean,Williamson,swilliamsonau@vimeo.com,100.219.95.135
392,Philip,Nguyen,pnguyenav@a8.net,52.146.155.109
393,Mary,Hawkins,,77.68.244.143
394,Frances,Sullivan,fsullivanax@tamu.edu,241.179.13.56
395,Marilyn,Hernandez,mhernandezay@drupal.org,244.211.187.203
396,Robin,Lynch,rlynchaz@icq.com,8.144.84.113
397,Jesse,Cook,jcookb0@webs.com,239.139.30.81
398,Anna,Gray,agrayb1@arizona.edu,217.7.2.142
399,Stephanie,Martinez,,177.134.44.54
400,Kimberly,Castillo,kcastillob3@booking.com,185.136.178.98
401,Julia,Payne,jpayneb4@dailymotion.com,159.205.164.125
402,George,Garza,ggarzab5@berkeley.edu,34.177.194.171
403,Betty,Garrett,bgarrettb6@fda.gov,172.72.108.36
404,Ann,Moreno,amorenob7@ebay.com,230.158.143.73
405,Jeremy,Hall,jhallb8@github.com,196.144.153.206
406,Eugene,Reyes,ereyesb9@tiny.cc,52.23.17.134
407,John,Larson,jlarsonba@home.pl,80.143.163.218
408,Harold,Henderson,hhendersonbb@plala.or.jp,121.39.150.230
409,Brenda,Austin,baustinbc@guardian.co.uk,136.153.233.72
410,Robert,Arnold,rarnoldbd@discovery.com,211.85.29.73
411,Christopher,Stone,cstonebe@hud.gov,36.45.198.135
412,Mildred,Gutierrez,mgutierrezbf@com.com,102.224.197.24
413,Arthur,Carroll,acarrollbg@auda.org.au,49.11.33.38
414,Gregory,Stewart,gstewartbh@cbsnews.com,130.229.202.170
415,Cynthia,Moore,cmoorebi@cornell.edu,247.220.82.237
416,Barbara,Lynch,,49.165.90.33
417,Jason,Henry,jhenrybk@yale.edu,81.38.81.37
418,Karen,Cole,kcolebl@ted.com,74.198.13.151
419,George,Vasquez,gvasquezbm@cbc.ca,135.63.254.181
420,Kathleen,Payne,kpaynebn@comcast.net,246.243.4.252
421,Peter,Bishop,pbishopbo@comcast.net,99.166.58.111
422,Kevin,Phillips,kphillipsbp@wunderground.com,139.25.247.242
423,Patrick,Cruz,pcruzbq@sina.com.cn,39.11.195.67
424,Marilyn,Harris,mharrisbr@163.com,121.10.151.219
425,Ann,Smith,asmithbs@berkeley.edu,34.0.202.74
426,Frank,Davis,fdavisbt@noaa.gov,146.122.255.31
427,Norma,Simpson,nsimpsonbu@behance.net,135.222.150.146
428,Melissa,Gutierrez,mgutierrezbv@bigcartel.com,118.101.153.174
429,Kenneth,Boyd,kboydbw@ftc.gov,33.43.20.204
430,Jimmy,Harvey,jharveybx@loc.gov,91.234.44.118
431,Kimberly,Bell,,174.15.165.235
432,Kimberly,Mcdonald,kmcdonaldbz@friendfeed.com,174.189.34.138
433,Carlos,Castillo,ccastilloc0@feedburner.com,230.1.161.137
434,Donald,Ford,dfordc1@vimeo.com,86.98.254.208
435,Steven,Ruiz,sruizc2@uol.com.br,6.150.164.218
436,Sara,Ramirez,sramirezc3@vk.com,94.116.201.220
437,Margaret,Richards,mrichardsc4@linkedin.com,158.3.181.134
438,Paul,Snyder,psnyderc5@netlog.com,20.96.36.103
439,Charles,Payne,cpaynec6@cloudflare.com,219.66.17.51
440,Anna,Howard,ahowardc7@w3.org,252.57.124.4
441,Katherine,Baker,kbakerc8@storify.com,206.38.86.59
442,Marilyn,Henderson,mhendersonc9@chronoengine.com,93.5.4.83
443,Scott,Wells,swellsca@technorati.com,253.55.61.62
444,Lois,Ramirez,,25.110.226.241
445,Joyce,Reid,jreidcc@dell.com,180.151.145.217
446,Carlos,Gonzales,cgonzalescd@dropbox.com,53.166.213.88
447,Anthony,Sanchez,asanchezce@wikimedia.org,196.27.10.6
448,Kathleen,Harvey,kharveycf@shop-pro.jp,151.41.140.62
449,Joshua,Carpenter,jcarpentercg@moonfruit.com,145.142.189.167
450,Heather,Howard,hhowardch@forbes.com,174.107.156.228
451,Nicole,Cook,ncookci@altervista.org,195.38.36.58
452,Jose,Berry,jberrycj@elegantthemes.com,186.214.9.198
453,Jerry,Nelson,jnelsonck@statcounter.com,226.248.249.172
454,Ashley,Nichols,anicholscl@state.tx.us,237.133.155.243
455,Anne,Grant,agrantcm@sciencedaily.com,107.89.68.236
456,Louise,Burke,lburkecn@un.org,75.178.245.26
457,Norma,White,nwhiteco@marriott.com,200.224.22.11
458,Steven,Willis,,184.111.191.97
459,Ryan,Vasquez,rvasquezcq@quantcast.com,119.138.0.197
460,Sarah,Martinez,smartinezcr@ihg.com,159.166.59.37
461,Judy,Medina,jmedinacs@time.com,206.27.255.252
462,Albert,Perez,aperezct@wp.com,251.243.192.151
463,Teresa,Fuller,tfullercu@nih.gov,49.253.143.119
464,Beverly,Rogers,brogerscv@hhs.gov,150.202.118.82
465,Joshua,Scott,jscottcw@163.com,210.230.152.220
466,Norma,Chapman,nchapmancx@archive.org,89.16.157.20
467,Pamela,Reed,preedcy@aboutads.info,19.97.124.251
468,Kathy,Diaz,kdiazcz@ftc.gov,25.1.91.39
469,Christine,Harris,charrisd0@time.com,51.11.77.222
470,Albert,Peters,apetersd1@linkedin.com,16.251.153.42
471,David,Robertson,drobertsond2@discuz.net,188.115.151.109
472,Robin,King,rkingd3@parallels.com,242.184.60.183
473,Gerald,Weaver,gweaverd4@pbs.org,213.106.13.25
474,Margaret,Hayes,mhayesd5@spotify.com,143.197.247.75
475,Jennifer,Rice,jriced6@utexas.edu,150.251.21.37
476,Fred,Freeman,ffreemand7@reference.com,232.30.32.17
477,Christopher,Carter,ccarterd8@pcworld.com,73.193.65.48
478,Carl,Wilson,cwilsond9@tinypic.com,197.158.91.76
479,Sandra,Turner,sturnerda@patch.com,62.229.211.59
480,Amy,Crawford,acrawforddb@51.la,125.72.85.198
481,Billy,Hayes,bhayesdc@buzzfeed.com,112.198.190.62
482,Harold,Daniels,hdanielsdd@usgs.gov,251.233.88.235
483,Mark,Rogers,mrogersde@mapquest.com,85.245.10.48
484,Kelly,Collins,kcollinsdf@arstechnica.com,1.207.221.122
485,Karen,Bryant,kbryantdg@springer.com,143.114.123.16
486,Douglas,Franklin,dfranklindh@pinterest.com,226.51.186.235
487,Christopher,Vasquez,cvasquezdi@weebly.com,154.81.126.172
488,Julie,Kelley,jkelleydj@altervista.org,138.66.2.191
489,Clarence,Willis,cwillisdk@digg.com,162.173.156.187
490,Jesse,Ruiz,jruizdl@gravatar.com,18.243.59.36
491,Ronald,Hayes,rhayesdm@nbcnews.com,145.48.38.100
492,Alice,Porter,aporterdn@theatlantic.com,228.39.151.236
493,Harold,Reynolds,hreynoldsdo@nasa.gov,134.88.244.217
494,Helen,Sullivan,hsullivandp@virginia.edu,237.208.172.113
495,Julia,Sullivan,jsullivandq@netscape.com,245.34.91.230
496,Philip,Parker,pparkerdr@hp.com,40.48.128.38
497,Jason,Morris,jmorrisds@ca.gov,40.195.38.235
498,Craig,Knight,cknightdt@nih.gov,189.223.235.25
499,David,Long,dlongdu@qq.com,79.222.244.255
500,Earl,Oliver,eoliverdv@earthlink.net,46.6.15.232
501,Charles,Payne,cpaynedw@paginegialle.it,179.155.124.94
502,Evelyn,Morgan,emorgandx@amazonaws.com,253.210.192.250
503,Ryan,Daniels,,119.48.191.235
504,Harold,Garza,hgarzadz@shop-pro.jp,218.159.149.23
505,Chris,Webb,,11.231.7.39
506,Martin,Watson,mwatsone1@mozilla.org,75.32.110.213
507,Annie,Martinez,amartineze2@ehow.com,82.46.63.220
508,Ernest,Ruiz,eruize3@123-reg.co.uk,6.199.112.158
509,Ruth,Johnston,rjohnstone4@abc.net.au,139.60.179.173
510,Russell,Diaz,rdiaze5@accuweather.com,214.134.207.73
511,Tammy,Smith,tsmithe6@foxnews.com,226.38.213.183
512,Katherine,Shaw,kshawe7@hugedomains.com,172.187.194.48
513,Ann,Mcdonald,amcdonalde8@slideshare.net,106.31.42.164
514,Bobby,Morgan,bmorgane9@geocities.com,225.183.75.177
515,Pamela,Morales,pmoralesea@google.com.hk,97.74.55.92
516,Keith,Clark,kclarkeb@businesswire.com,158.247.91.183
517,Sarah,Hayes,shayesec@blinklist.com,132.212.233.112
518,Gloria,Jacobs,gjacobsed@gov.uk,195.128.160.151
519,Howard,Evans,hevansee@sina.com.cn,192.174.201.125
520,Joshua,Murray,jmurrayef@uiuc.edu,52.235.226.24
521,Nicholas,Owens,nowenseg@themeforest.net,137.16.77.223
522,Karen,Bennett,kbennetteh@ezinearticles.com,217.164.38.47
523,Mildred,Torres,mtorresei@bloglines.com,143.13.83.166
524,Lois,Collins,lcollinsej@cdc.gov,66.240.126.213
525,John,Reyes,jreyesek@netlog.com,202.204.240.26
526,William,Perkins,wperkinsel@utexas.edu,119.122.137.212
527,Alan,Baker,abakerem@salon.com,191.190.213.39
528,Kimberly,Miller,kmilleren@google.fr,151.184.163.9
529,Janice,Henderson,jhendersoneo@dailymail.co.uk,200.225.25.13
530,Rose,Griffin,rgriffinep@parallels.com,158.33.113.52
531,Robert,Wilson,rwilsoneq@topsy.com,34.150.41.104
532,Eric,James,ejameser@mysql.com,250.252.218.75
533,Carol,Gonzales,cgonzaleses@opensource.org,133.68.223.114
534,Kathryn,Evans,kevanset@wix.com,196.255.47.91
535,Karen,Lopez,klopezeu@pinterest.com,131.172.149.13
536,Tammy,Moreno,tmorenoev@linkedin.com,47.32.15.87
537,Michael,Gonzales,mgonzalesew@example.com,17.141.66.48
538,Brandon,Moreno,bmorenoex@mayoclinic.com,59.185.29.88
539,Benjamin,Brown,bbrowney@wordpress.org,254.5.209.155
540,Joseph,George,jgeorgeez@eventbrite.com,136.97.107.105
541,Jennifer,Smith,jsmithf0@google.ru,93.89.50.20
542,Diana,Gomez,dgomezf1@cam.ac.uk,158.18.125.132
543,Annie,Arnold,aarnoldf2@xinhuanet.com,102.182.226.95
544,Antonio,Cooper,acooperf3@redcross.org,214.105.222.128
545,Patrick,Williams,pwilliamsf4@pbs.org,12.189.90.223
546,Karen,Wallace,kwallacef5@wikia.com,159.151.227.23
547,Jacqueline,Romero,jromerof6@ezinearticles.com,91.248.125.53
548,Samuel,Bryant,sbryantf7@jiathis.com,154.131.224.197
549,Christopher,Wright,cwrightf8@loc.gov,165.122.4.189
550,Teresa,Black,tblackf9@theguardian.com,77.230.103.61
551,Lawrence,Lee,lleefa@typepad.com,155.15.53.216
552,Stephanie,Long,slongfb@jugem.jp,72.155.27.130
553,Jason,Arnold,jarnoldfc@studiopress.com,178.231.9.85
554,Wayne,Collins,wcollinsfd@last.fm,80.53.136.52
555,Karen,Murphy,kmurphyfe@youku.com,147.130.190.176
556,Carlos,Hamilton,chamiltonff@ox.ac.uk,74.236.54.114
557,Sandra,Mills,smillsfg@columbia.edu,176.44.226.220
558,Nicole,Reyes,nreyesfh@blogtalkradio.com,126.252.218.22
559,Jimmy,Montgomery,jmontgomeryfi@nature.com,228.34.233.72
560,Amanda,Freeman,,186.7.11.114
561,George,Murphy,gmurphyfk@multiply.com,162.245.52.179
562,Ann,Daniels,adanielsfl@clickbank.net,221.169.244.98
563,Antonio,Butler,abutlerfm@cyberchimps.com,58.94.251.49
564,Willie,Anderson,,77.209.186.105
565,Aaron,Kelly,akellyfo@disqus.com,22.117.99.254
566,Brandon,Larson,blarsonfp@blogger.com,209.193.223.195
567,Michelle,Bell,mbellfq@phoca.cz,212.136.218.14
568,Edward,Reyes,ereyesfr@spotify.com,127.5.34.165
569,Jennifer,Warren,jwarrenfs@home.pl,199.230.201.30
570,Elizabeth,Simpson,esimpsonft@wufoo.com,109.138.170.168
571,Mildred,Castillo,mcastillofu@mayoclinic.com,8.190.213.253
572,Kathryn,Howard,khowardfv@tmall.com,188.87.204.177
573,Teresa,Hunt,thuntfw@fastcompany.com,180.108.150.68
574,Joyce,Crawford,jcrawfordfx@xing.com,121.37.102.60
575,Carl,Marshall,cmarshallfy@g.co,90.76.205.16
576,Marilyn,Henderson,mhendersonfz@cocolog-nifty.com,108.238.20.107
577,Philip,Kelly,pkellyg0@irs.gov,59.233.84.88
578,Kelly,Lawson,klawsong1@linkedin.com,206.184.25.117
579,Janet,Richardson,jrichardsong2@digg.com,19.43.169.3
580,Elizabeth,Lawson,elawsong3@nhs.uk,252.169.121.157
581,Debra,Reynolds,dreynoldsg4@engadget.com,121.46.39.242
582,Kenneth,Adams,kadamsg5@nifty.com,116.151.36.72
583,Denise,Kim,dkimg6@washingtonpost.com,74.183.143.93
584,Carolyn,Jenkins,cjenkinsg7@lulu.com,193.209.37.174
585,Sarah,Phillips,sphillipsg8@reuters.com,102.155.186.154
586,Steven,Banks,sbanksg9@accuweather.com,44.201.176.219
587,James,Turner,jturnerga@marriott.com,220.235.79.209
588,Fred,Jordan,fjordangb@telegraph.co.uk,101.133.158.84
589,Janet,Martin,jmartingc@1688.com,93.159.240.175
590,Kelly,Lawson,klawsongd@psu.edu,179.212.0.8
591,Patrick,Harper,pharperge@purevolume.com,101.232.235.148
592,Kathryn,Hawkins,khawkinsgf@wikia.com,96.2.22.206
593,Nancy,Watkins,nwatkinsgg@vistaprint.com,237.197.251.63
594,Gary,Carroll,gcarrollgh@illinois.edu,13.42.66.164
595,Nicole,Cruz,ncruzgi@imgur.com,66.242.49.89
596,Billy,Wells,bwellsgj@xrea.com,216.199.224.84
597,Jesse,Moreno,jmorenogk@businessweek.com,10.152.25.34
598,Kathryn,Snyder,,193.33.3.197
599,Kathleen,Romero,kromerogm@digg.com,135.99.161.37
600,Bruce,Mills,bmillsgn@qq.com,208.132.139.79
601,Alan,Garrett,agarrettgo@last.fm,226.90.42.68
602,Anna,Lewis,alewisgp@sogou.com,3.99.0.82
603,Jimmy,Lawson,jlawsongq@spiegel.de,159.11.249.254
604,Stephanie,Miller,smillergr@alexa.com,183.152.101.221
605,Steven,Moreno,smorenogs@phoca.cz,93.120.68.117
606,Diana,Lawson,dlawsongt@lulu.com,132.94.146.219
607,Kevin,Gonzales,kgonzalesgu@yolasite.com,6.149.132.143
608,Mary,Long,mlonggv@fc2.com,108.147.46.212
609,Willie,Stanley,wstanleygw@arizona.edu,124.29.168.202
610,Ernest,Porter,eportergx@ibm.com,116.234.239.192
611,Mark,Robertson,mrobertsongy@house.gov,36.178.185.217
612,Wanda,Holmes,wholmesgz@nhs.uk,194.141.248.124
613,Martin,Sanchez,msanchezh0@sakura.ne.jp,223.8.112.150
614,Debra,Wilson,,105.150.137.202
615,Gerald,Ross,grossh2@msn.com,79.215.137.251
616,Dorothy,Richardson,drichardsonh3@hhs.gov,74.146.196.4
617,Angela,Shaw,ashawh4@w3.org,147.5.74.127
618,Ernest,Miller,emillerh5@un.org,132.162.70.233
619,Albert,Tucker,atuckerh6@cocolog-nifty.com,32.88.42.170
620,Diane,Porter,dporterh7@chicagotribune.com,182.254.212.126
621,Cheryl,Dixon,cdixonh8@ft.com,92.249.161.163
622,Irene,Moreno,imorenoh9@domainmarket.com,67.172.79.175
623,Walter,James,wjamesha@alexa.com,146.40.82.227
624,Christopher,Knight,cknighthb@google.fr,229.194.126.18
625,Jeremy,Hughes,jhugheshc@boston.com,187.186.230.146
626,George,Hall,ghallhd@auda.org.au,100.190.215.159
627,Paul,Barnes,pbarneshe@fema.gov,59.13.5.122
628,Justin,Lane,jlanehf@rambler.ru,143.15.77.91
629,Eric,Elliott,eelliotthg@webeden.co.uk,48.140.189.202
630,Fred,Garcia,fgarciahh@miibeian.gov.cn,49.253.10.219
631,Katherine,Carpenter,kcarpenterhi@tinyurl.com,70.223.121.157
632,Justin,Wells,jwellshj@imdb.com,8.212.236.249
633,Anna,Perry,,53.195.98.246
634,Dennis,Moreno,dmorenohl@nydailynews.com,255.188.185.211
635,Daniel,Gonzales,dgonzaleshm@forbes.com,248.112.234.181
636,Terry,Cole,tcolehn@51.la,102.235.210.201
637,Judy,Bishop,jbishopho@xrea.com,8.31.66.142
638,Christina,Clark,cclarkhp@hc360.com,228.199.52.95
639,Jeffrey,Schmidt,jschmidthq@psu.edu,252.255.67.14
640,Willie,Hanson,whansonhr@apache.org,169.250.32.176
641,Eric,Wells,ewellshs@yale.edu,134.130.160.109
642,Patrick,Stanley,pstanleyht@businessweek.com,146.228.11.205
643,Walter,Sanchez,wsanchezhu@discuz.net,153.232.172.47
644,John,Adams,jadamshv@ibm.com,69.69.146.18
645,Denise,Weaver,dweaverhw@google.com.br,156.2.86.74
646,Michael,Ford,mfordhx@pcworld.com,182.254.230.82
647,Janet,Johnson,,94.211.242.181
648,Jane,Hart,,68.19.19.150
649,Kathleen,Gutierrez,kgutierrezi0@themeforest.net,143.147.174.204
650,Melissa,Jenkins,mjenkinsi1@edublogs.org,255.234.207.214
651,Eric,Richards,erichardsi2@mediafire.com,41.57.120.191
652,Ryan,Burns,rburnsi3@slate.com,110.221.84.40
653,Amanda,Richardson,arichardsoni4@pen.io,167.34.166.39
654,Amy,Pierce,apiercei5@bloglovin.com,60.165.23.211
655,Joshua,Reyes,jreyesi6@gmpg.org,72.189.28.23
656,Amanda,Barnes,abarnesi7@timesonline.co.uk,143.10.34.46
657,Willie,Weaver,wweaveri8@blogtalkradio.com,196.61.9.116
658,Tammy,Hudson,,79.154.121.137
659,Justin,Lee,jleeia@newyorker.com,238.128.85.196
660,Michelle,Fernandez,mfernandezib@imgur.com,31.244.182.224
661,Arthur,Reynolds,areynoldsic@addthis.com,225.179.108.230
662,Sean,Henry,shenryid@51.la,141.249.183.49
663,Angela,Hamilton,ahamiltonie@mac.com,148.253.216.181
664,Nancy,Day,,134.6.39.65
665,Patricia,Allen,pallenig@google.ru,24.85.80.240
666,Frank,Washington,fwashingtonih@163.com,9.149.12.6
667,Andrew,Barnes,abarnesii@ning.com,196.112.18.150
668,Benjamin,Carroll,bcarrollij@surveymonkey.com,22.203.142.99
669,Jason,Hart,jhartik@mayoclinic.com,189.184.212.252
670,Johnny,Baker,jbakeril@technorati.com,79.249.92.82
671,Teresa,Burton,tburtonim@gmpg.org,134.220.107.147
672,Carolyn,Coleman,ccolemanin@last.fm,95.235.52.42
673,Irene,Owens,iowensio@csmonitor.com,162.75.2.211
674,William,Murray,wmurrayip@issuu.com,1.33.20.136
675,Deborah,Robinson,drobinsoniq@w3.org,139.32.220.145
676,Jeffrey,Harris,jharrisir@youtu.be,52.250.185.69
677,Stephanie,Myers,smyersis@dyndns.org,47.182.74.240
678,Peter,Frazier,pfrazierit@bigcartel.com,210.144.27.120
679,Debra,Diaz,ddiaziu@apache.org,1.5.55.52
680,Carl,Wheeler,cwheeleriv@webnode.com,28.73.98.61
681,Andrew,Richardson,arichardsoniw@ucla.edu,153.174.162.46
682,Brian,Flores,bfloresix@alibaba.com,239.231.139.130
683,Eugene,Stanley,estanleyiy@google.de,152.90.74.138
684,Joshua,Russell,jrusselliz@dedecms.com,59.37.172.218
685,Barbara,Ruiz,bruizj0@yellowbook.com,26.220.171.178
686,Edward,Harvey,eharveyj1@thetimes.co.uk,252.105.210.192
687,Earl,Stone,estonej2@arizona.edu,21.185.239.24
688,Irene,Williamson,iwilliamsonj3@livejournal.com,21.170.48.148
689,Jason,Stephens,jstephensj4@cnn.com,2.172.211.27
690,Nicole,Garza,ngarzaj5@zimbio.com,197.13.195.229
691,Jack,Porter,jporterj6@weather.com,204.26.66.115
692,Phillip,Long,plongj7@howstuffworks.com,242.71.24.89
693,Amanda,Lewis,alewisj8@mail.ru,226.20.247.166
694,Jacqueline,Robinson,jrobinsonj9@mozilla.com,82.244.245.185
695,Joshua,Fowler,jfowlerja@simplemachines.org,216.140.60.25
696,Douglas,Cunningham,dcunninghamjb@mozilla.org,161.231.25.253
697,Nancy,Cunningham,ncunninghamjc@unicef.org,28.137.205.181
698,Evelyn,Howell,ehowelljd@moonfruit.com,131.217.233.147
699,Denise,Romero,dromeroje@hostgator.com,208.5.119.156
700,Mildred,Henderson,mhendersonjf@theatlantic.com,61.154.86.19
701,Beverly,Hill,bhilljg@drupal.org,5.46.28.236
702,Charles,Stone,cstonejh@yandex.ru,178.171.0.95
703,Juan,Spencer,jspencerji@europa.eu,202.18.96.159
704,Nancy,Cole,ncolejj@reference.com,168.2.114.220
705,Michael,Long,mlongjk@constantcontact.com,88.69.233.197
706,Russell,Warren,rwarrenjl@taobao.com,68.27.141.138
707,Craig,Gordon,cgordonjm@globo.com,85.33.133.41
708,Jack,Hill,jhilljn@pbs.org,203.183.209.1
709,Jason,Thompson,jthompsonjo@ehow.com,116.238.246.127
710,Virginia,Gutierrez,vgutierrezjp@amazon.de,29.245.202.176
711,Larry,Warren,lwarrenjq@amazon.de,225.93.111.249
712,Matthew,Hicks,mhicksjr@creativecommons.org,51.61.160.102
713,Daniel,Parker,dparkerjs@yolasite.com,37.92.154.126
714,Sara,Vasquez,svasquezjt@salon.com,86.178.14.233
715,Lillian,Morrison,lmorrisonju@springer.com,172.133.242.44
716,Theresa,Henry,thenryjv@networksolutions.com,179.179.144.86
717,Bobby,Sanchez,bsanchezjw@sfgate.com,227.91.79.70
718,Patrick,Boyd,pboydjx@state.gov,123.244.28.49
719,Janice,Edwards,,187.172.132.11
720,Jeffrey,Crawford,jcrawfordjz@usda.gov,176.208.198.219
721,Frances,Wallace,fwallacek0@alexa.com,145.148.148.18
722,Ronald,Jordan,rjordank1@ted.com,133.131.8.145
723,Roger,Day,rdayk2@oracle.com,190.47.78.224
724,Margaret,Rice,mricek3@ft.com,24.98.185.252
725,Laura,Morrison,lmorrisonk4@woothemes.com,249.16.109.43
726,Jean,Oliver,joliverk5@thetimes.co.uk,56.10.232.218
727,Douglas,Ray,drayk6@quantcast.com,216.84.149.27
728,Louis,Alvarez,lalvarezk7@indiatimes.com,205.66.135.20
729,Kimberly,Lopez,klopezk8@jalbum.net,52.46.223.144
730,Martha,Pierce,mpiercek9@archive.org,201.201.47.227
731,Steven,Rodriguez,srodriguezka@merriam-webster.com,239.116.100.0
732,Elizabeth,Shaw,eshawkb@cnbc.com,17.115.87.170
733,Kathy,Hernandez,khernandezkc@elpais.com,17.56.165.87
734,Anthony,Perkins,aperkinskd@wiley.com,64.81.30.44
735,Lawrence,Fowler,lfowlerke@sciencedirect.com,3.177.130.110
736,Sara,Ward,swardkf@weebly.com,249.19.49.192
737,Timothy,Owens,towenskg@ca.gov,126.137.193.104
738,Maria,Miller,mmillerkh@nhs.uk,143.154.5.99
739,Todd,Russell,trussellki@hostgator.com,72.45.212.21
740,Lois,Ray,lraykj@bluehost.com,89.236.68.85
741,Roger,Perry,rperrykk@cornell.edu,104.12.245.190
742,Keith,Duncan,kduncankl@purevolume.com,105.173.95.203
743,Jean,Carter,jcarterkm@macromedia.com,139.7.172.42
744,Wayne,Mitchell,wmitchellkn@uol.com.br,21.77.118.205
745,Roger,Martinez,rmartinezko@fotki.com,226.211.99.109
746,Joyce,Washington,jwashingtonkp@fema.gov,80.164.137.164
747,Sara,Fuller,sfullerkq@webnode.com,135.231.221.11
748,Lois,Flores,lfloreskr@theatlantic.com,121.64.27.142
749,Andrew,Stephens,astephensks@g.co,116.197.19.146
750,Antonio,Price,apricekt@sciencedirect.com,174.208.99.84
751,Lori,Crawford,lcrawfordku@bizjournals.com,160.205.205.202
752,Dennis,Rogers,drogerskv@smh.com.au,76.161.197.199
753,Kathryn,Nelson,knelsonkw@auda.org.au,103.16.194.91
754,Jeffrey,Brooks,jbrookskx@sitemeter.com,1.179.4.51
755,Jerry,Ramos,jramosky@abc.net.au,197.4.163.110
756,Christina,Sanchez,csanchezkz@uol.com.br,204.54.59.247
757,Mildred,Ryan,mryanl0@usatoday.com,192.71.148.246
758,Earl,Warren,ewarrenl1@ow.ly,161.188.112.206
759,Margaret,Hill,mhilll2@comsenz.com,75.173.116.213
760,Alan,Reed,areedl3@si.edu,194.41.123.156
761,Joe,Sullivan,jsullivanl4@blogs.com,154.131.201.143
762,Annie,Wagner,awagnerl5@go.com,176.208.58.184
763,Edward,Harris,eharrisl6@w3.org,236.65.29.14
764,Richard,Daniels,rdanielsl7@photobucket.com,164.30.50.223
765,Amanda,Romero,aromerol8@blogspot.com,240.244.249.9
766,Martin,Richardson,mrichardsonl9@exblog.jp,8.194.24.236
767,Arthur,Greene,agreenela@qq.com,127.9.174.162
768,Brian,Riley,brileylb@time.com,128.244.67.216
769,Sara,Walker,swalkerlc@wikimedia.org,148.213.142.166
770,Harold,Turner,hturnerld@narod.ru,96.166.90.69
771,Jane,Lewis,jlewisle@kickstarter.com,57.156.45.179
772,Michael,Williams,mwilliamslf@usatoday.com,108.96.218.127
773,Henry,Woods,hwoodslg@nasa.gov,192.15.5.200
774,Teresa,Russell,trusselllh@guardian.co.uk,248.94.32.161
775,Rebecca,Bryant,rbryantli@cloudflare.com,38.255.149.104
776,Matthew,Bennett,mbennettlj@va.gov,209.219.36.46
777,William,Reed,wreedlk@smh.com.au,204.212.196.16
778,David,Collins,dcollinsll@cisco.com,177.9.175.159
779,Bobby,Morris,bmorrislm@un.org,172.198.175.88
780,Cheryl,Hudson,chudsonln@nba.com,204.128.174.229
781,Thomas,King,tkinglo@guardian.co.uk,60.29.48.106
782,Julia,Ramirez,jramirezlp@howstuffworks.com,89.29.132.199
783,Peter,Larson,plarsonlq@berkeley.edu,125.17.87.124
784,Jeremy,Owens,jowenslr@usa.gov,208.250.211.111
785,Jimmy,Fuller,jfullerls@technorati.com,46.90.13.24
786,Diana,Woods,dwoodslt@gov.uk,211.235.130.55
787,Martha,Chavez,mchavezlu@digg.com,131.230.28.198
788,Norma,Morales,nmoraleslv@chron.com,2.16.166.4
789,Arthur,Burton,aburtonlw@mayoclinic.com,104.246.84.143
790,Steven,Evans,sevanslx@soup.io,127.76.119.141
791,Linda,Mcdonald,lmcdonaldly@msn.com,174.178.99.193
792,Arthur,Kelly,akellylz@unicef.org,84.237.181.64
793,Evelyn,Wallace,ewallacem0@sun.com,19.247.148.74
794,Jean,Rose,jrosem1@etsy.com,27.170.8.59
795,Lawrence,Lopez,llopezm2@house.gov,24.130.1.168
796,George,Marshall,gmarshallm3@over-blog.com,81.59.145.105
797,David,Graham,dgrahamm4@hhs.gov,155.163.55.12
798,Lois,Allen,lallenm5@ask.com,59.176.120.57
799,Diana,Elliott,delliottm6@va.gov,62.125.187.128
800,Jeffrey,Powell,jpowellm7@weather.com,237.225.123.222
801,Heather,Grant,hgrantm8@ameblo.jp,209.22.208.121
802,Phillip,Rodriguez,prodriguezm9@fotki.com,108.212.117.47
803,Louis,Moore,lmoorema@microsoft.com,82.249.124.236
804,Donna,Stewart,dstewartmb@admin.ch,112.119.139.87
805,George,Moreno,gmorenomc@bloomberg.com,220.22.240.175
806,Wanda,Armstrong,warmstrongmd@google.pl,70.24.188.135
807,Steve,Larson,slarsonme@nhs.uk,156.82.11.164
808,Stephen,Edwards,sedwardsmf@t.co,133.213.116.222
809,Christina,Reed,creedmg@telegraph.co.uk,113.6.227.125
810,Ronald,Peters,rpetersmh@smugmug.com,43.50.25.189
811,Samuel,Bishop,sbishopmi@booking.com,237.147.142.94
812,Sara,Harrison,sharrisonmj@ed.gov,221.65.224.27
813,Gary,Peterson,gpetersonmk@washingtonpost.com,83.125.1.133
814,Billy,Medina,bmedinaml@about.com,159.199.182.137
815,Kathleen,Robertson,krobertsonmm@acquirethisname.com,182.181.161.65
816,Ashley,Taylor,,242.10.149.128
817,Douglas,Harrison,dharrisonmo@rambler.ru,91.109.245.148
818,Elizabeth,Fernandez,efernandezmp@harvard.edu,67.92.77.160
819,Larry,Rose,lrosemq@1und1.de,134.129.227.23
820,Bobby,Mendoza,bmendozamr@clickbank.net,197.60.62.127
821,Susan,Grant,,179.70.96.41
822,Lori,Lawrence,llawrencemt@squarespace.com,234.46.35.253
823,Susan,Carter,scartermu@pbs.org,134.197.32.199
824,Randy,Castillo,rcastillomv@wisc.edu,74.13.76.54
825,Donna,Hansen,dhansenmw@sciencedirect.com,81.3.237.22
826,Clarence,Frazier,cfraziermx@chronoengine.com,32.217.234.192
827,Nicole,Walker,nwalkermy@google.com.au,116.251.210.188
828,Alice,Stevens,astevensmz@msn.com,187.205.247.147
829,Lillian,Vasquez,lvasquezn0@com.com,18.162.139.178
830,Julie,Medina,jmedinan1@wordpress.org,136.155.18.171
831,Matthew,Austin,maustinn2@last.fm,119.48.252.226
832,Christine,Carter,,180.17.203.142
833,Laura,Bailey,lbaileyn4@ucla.edu,1.156.175.89
834,Lisa,Harvey,lharveyn5@upenn.edu,53.198.5.174
835,Kimberly,Gibson,kgibsonn6@diigo.com,165.97.171.235
836,Doris,Carter,dcartern7@arizona.edu,68.81.34.1
837,Angela,Stephens,astephensn8@ifeng.com,37.10.24.117
838,Jane,Richardson,jrichardsonn9@census.gov,225.152.243.143
839,Janice,Stanley,jstanleyna@microsoft.com,202.143.27.110
840,Brian,Ellis,bellisnb@latimes.com,63.84.9.184
841,Sandra,Palmer,spalmernc@dion.ne.jp,224.197.179.85
842,Doris,Ford,dfordnd@gravatar.com,32.43.148.133
843,Bruce,Black,bblackne@oakley.com,73.227.35.184
844,Brandon,Patterson,bpattersonnf@princeton.edu,74.234.6.17
845,Jose,Stone,jstoneng@odnoklassniki.ru,176.223.227.50
846,Shirley,Stevens,sstevensnh@biblegateway.com,11.233.62.139
847,Laura,Payne,lpayneni@blog.com,33.29.247.137
848,Alice,Nichols,anicholsnj@skype.com,232.58.221.65
849,Fred,Robertson,frobertsonnk@newyorker.com,93.116.210.9
850,Patrick,Dean,pdeannl@simplemachines.org,31.68.78.164
851,Carlos,Stevens,cstevensnm@newsvine.com,10.215.204.138
852,Tammy,Simmons,tsimmonsnn@altervista.org,233.59.90.52
853,Sarah,Stewart,sstewartno@themeforest.net,116.96.168.120
854,Benjamin,Gutierrez,bgutierreznp@phoca.cz,145.247.224.213
855,Rebecca,Owens,rowensnq@huffingtonpost.com,124.99.63.201
856,Evelyn,Richards,erichardsnr@godaddy.com,190.52.123.206
857,Ronald,Simpson,rsimpsonns@wp.com,211.236.46.58
858,Rose,Murray,rmurraynt@mail.ru,28.67.149.239
859,Victor,Pierce,vpiercenu@pinterest.com,138.116.113.174
860,Kevin,Jacobs,kjacobsnv@surveymonkey.com,70.170.196.116
861,Diana,Black,dblacknw@youtu.be,187.122.62.16
862,Susan,Watkins,swatkinsnx@webs.com,184.152.158.167
863,Jose,Jones,jjonesny@economist.com,231.66.194.181
864,Sarah,Carroll,scarrollnz@a8.net,223.150.227.228
865,Theresa,Walker,twalkero0@chronoengine.com,31.65.92.210
866,Theresa,Banks,tbankso1@timesonline.co.uk,151.135.33.91
867,Roger,Hughes,rhugheso2@yahoo.co.jp,86.52.89.54
868,Andrea,Flores,afloreso3@digg.com,160.105.17.187
869,Scott,Lewis,slewiso4@vistaprint.com,115.251.208.116
870,Fred,Lee,fleeo5@shinystat.com,144.65.76.112
871,Helen,Pierce,hpierceo6@dion.ne.jp,207.43.248.214
872,Roy,Watkins,rwatkinso7@tumblr.com,209.87.206.65
873,Sean,Anderson,sandersono8@newsvine.com,15.44.107.102
874,Albert,Russell,arussello9@twitpic.com,85.23.239.40
875,Richard,Simpson,rsimpsonoa@fema.gov,19.86.195.73
876,Beverly,Kennedy,bkennedyob@smh.com.au,100.46.4.153
877,Brian,Ferguson,bfergusonoc@webs.com,132.216.145.0
878,Ashley,Hunt,ahuntod@360.cn,203.200.229.125
879,Samuel,Bryant,sbryantoe@github.io,153.168.83.166
880,Angela,Sanders,asandersof@oaic.gov.au,216.199.217.1
881,Nicholas,Vasquez,nvasquezog@drupal.org,218.170.98.166
882,Catherine,Snyder,csnyderoh@upenn.edu,16.246.46.106
883,Earl,Morrison,emorrisonoi@parallels.com,233.17.12.219
884,Brandon,Reynolds,breynoldsoj@cam.ac.uk,68.7.28.135
885,Catherine,Bennett,cbennettok@shutterfly.com,39.33.0.62
886,Robert,Moore,rmooreol@squidoo.com,67.63.6.200
887,Tammy,Watson,twatsonom@g.co,191.201.182.226
888,Joe,Reynolds,jreynoldson@comsenz.com,206.159.142.118
889,Patricia,Hunter,phunteroo@mapquest.com,68.236.82.69
890,Barbara,Anderson,bandersonop@netscape.com,178.65.30.149
891,Todd,Burke,tburkeoq@geocities.com,198.143.57.185
892,Daniel,Jordan,djordanor@oaic.gov.au,61.124.22.241
893,Arthur,Williams,awilliamsos@dell.com,73.135.179.131
894,Shirley,Moreno,smorenoot@dmoz.org,195.227.252.147
895,Ryan,Duncan,rduncanou@illinois.edu,110.87.223.250
896,Jerry,Pierce,jpierceov@irs.gov,55.175.11.223
897,Frank,Austin,faustinow@eventbrite.com,251.95.134.191
898,Andrea,Reid,areidox@booking.com,183.71.179.7
899,Philip,Snyder,psnyderoy@seattletimes.com,146.188.129.70
900,Judith,Garza,jgarzaoz@telegraph.co.uk,23.179.254.171
901,Judith,Anderson,jandersonp0@europa.eu,12.85.43.90
902,Johnny,Sanchez,jsanchezp1@cargocollective.com,168.129.190.169
903,Dennis,Wells,dwellsp2@etsy.com,237.109.51.167
904,Deborah,Crawford,dcrawfordp3@ed.gov,121.239.115.42
905,Steven,Butler,sbutlerp4@wired.com,216.84.75.4
906,Susan,Walker,swalkerp5@fastcompany.com,153.176.33.106
907,Andrew,Allen,aallenp6@tumblr.com,155.146.133.44
908,Andrea,Carter,acarterp7@ted.com,69.77.85.165
909,Jeremy,Banks,jbanksp8@sakura.ne.jp,23.74.42.156
910,Carl,Perkins,cperkinsp9@addtoany.com,224.48.67.70
911,Kimberly,Payne,kpaynepa@dailymail.co.uk,34.217.117.1
912,Emily,Cunningham,ecunninghampb@exblog.jp,208.50.86.64
913,Stephanie,Murray,smurraypc@sphinn.com,48.133.153.101
914,Henry,Gonzales,hgonzalespd@java.com,244.61.155.41
915,Margaret,Hicks,mhickspe@privacy.gov.au,234.25.149.120
916,Adam,Stanley,,27.126.227.189
917,Sharon,Sanchez,ssanchezpg@guardian.co.uk,251.88.155.211
918,Ruth,Hart,rhartph@yellowpages.com,217.208.120.3
919,Roy,Bell,rbellpi@gnu.org,209.205.136.137
920,Fred,Parker,fparkerpj@desdev.cn,97.170.23.177
921,Billy,Chavez,bchavezpk@ucoz.com,133.68.11.40
922,Juan,Smith,jsmithpl@issuu.com,217.235.3.3
923,Nancy,Sims,,229.250.163.40
924,Lawrence,Mendoza,,82.25.75.178
925,Tammy,Castillo,tcastillopo@123-reg.co.uk,130.56.2.66
926,Fred,Williams,fwilliamspp@latimes.com,43.205.142.231
927,Phillip,Reed,preedpq@go.com,38.110.220.211
928,Bonnie,Simmons,bsimmonspr@moonfruit.com,145.212.84.100
929,Thomas,Adams,tadamsps@symantec.com,120.29.110.150
930,Anthony,Tucker,atuckerpt@ifeng.com,117.238.18.198
931,Virginia,West,,98.165.251.243
932,Kelly,Gonzales,kgonzalespv@booking.com,32.216.140.135
933,Ruby,Anderson,randersonpw@smugmug.com,224.69.200.58
934,Richard,Freeman,rfreemanpx@163.com,21.249.26.62
935,Charles,Hicks,chickspy@pbs.org,168.56.64.102
936,Lisa,Mendoza,lmendozapz@hugedomains.com,17.15.140.217
937,Eric,Cook,ecookq0@noaa.gov,0.203.84.6
938,Stephen,Rodriguez,,5.43.22.130
939,Mildred,King,mkingq2@adobe.com,235.153.125.230
940,Angela,Morris,amorrisq3@nationalgeographic.com,124.183.197.43
941,Aaron,Dean,,51.138.140.175
942,Nancy,Ray,,25.37.59.43
943,Marilyn,Stewart,mstewartq6@skype.com,255.180.25.207
944,Phillip,Palmer,ppalmerq7@homestead.com,203.186.52.136
945,Jerry,Ortiz,jortizq8@nbcnews.com,125.92.165.245
946,Linda,Hunter,,234.174.235.16
947,Diana,Sims,dsimsqa@who.int,89.187.193.69
948,Martha,Anderson,mandersonqb@amazon.de,248.94.231.165
949,Victor,Mendoza,vmendozaqc@typepad.com,246.192.214.166
950,Jonathan,Reed,jreedqd@discovery.com,9.186.183.66
951,Ronald,Riley,rrileyqe@mail.ru,190.186.212.131
952,Scott,Harvey,sharveyqf@tripod.com,93.47.211.105
953,Joyce,Harrison,jharrisonqg@is.gd,22.127.195.228
954,Larry,Matthews,lmatthewsqh@pbs.org,112.131.241.67
955,Adam,Black,ablackqi@discuz.net,191.38.106.201
956,Martin,Little,mlittleqj@php.net,190.114.178.61
957,Nicole,Robinson,nrobinsonqk@so-net.ne.jp,214.21.128.108
958,Todd,Fisher,tfisherql@cdc.gov,202.152.75.237
959,Billy,Washington,bwashingtonqm@washingtonpost.com,245.28.180.36
960,Martin,Hayes,mhayesqn@imgur.com,90.185.91.79
961,Stephen,Dean,sdeanqo@github.io,177.32.179.22
962,Christina,Gonzales,cgonzalesqp@cargocollective.com,90.34.166.80
963,Sandra,Clark,sclarkqq@pbs.org,91.49.231.72
964,Marilyn,Bishop,mbishopqr@usda.gov,95.197.48.64
965,John,Hamilton,jhamiltonqs@ifeng.com,230.18.54.244
966,Ralph,Brooks,rbrooksqt@ask.com,73.212.203.167
967,Melissa,Mcdonald,mmcdonaldqu@nih.gov,241.12.17.218
968,Janet,Duncan,jduncanqv@forbes.com,78.84.151.2
969,Kathryn,Barnes,,122.41.107.154
970,Mark,Fowler,mfowlerqx@epa.gov,255.57.49.16
971,Larry,Harrison,lharrisonqy@goo.gl,223.101.230.134
972,Donald,Mccoy,dmccoyqz@printfriendly.com,95.203.89.225
973,Ernest,Morales,emoralesr0@irs.gov,38.92.210.229
974,Dennis,Simpson,dsimpsonr1@nifty.com,115.22.190.181
975,Andrew,Lane,alaner2@dropbox.com,249.101.90.204
976,Julie,Miller,jmillerr3@gizmodo.com,19.44.11.49
977,Adam,Garza,agarzar4@geocities.jp,93.212.114.11
978,George,Spencer,gspencerr5@stanford.edu,125.154.70.71
979,Ernest,Shaw,eshawr6@odnoklassniki.ru,207.178.24.203
980,Kevin,Moreno,kmorenor7@mapquest.com,238.77.92.152
981,Ruby,Chavez,rchavezr8@netvibes.com,224.67.72.198
982,Mark,Alvarez,malvarezr9@printfriendly.com,127.56.155.251
983,Christopher,Allen,callenra@scribd.com,147.9.38.73
984,Frank,Powell,fpowellrb@state.gov,165.121.8.80
985,Jack,Martin,jmartinrc@bandcamp.com,195.169.121.75
986,Douglas,Hall,dhallrd@over-blog.com,145.160.40.140
987,Mark,Kennedy,mkennedyre@acquirethisname.com,55.215.16.177
988,Andrew,Ortiz,aortizrf@imdb.com,206.171.140.65
989,Brenda,Green,bgreenrg@google.co.uk,39.114.180.228
990,Judy,Stanley,jstanleyrh@tinyurl.com,146.133.250.142
991,Elizabeth,Green,egreenri@digg.com,27.174.198.190
992,Louise,Williamson,lwilliamsonrj@lycos.com,73.247.64.149
993,Amanda,Nelson,anelsonrk@prweb.com,186.142.204.5
994,Ruby,Kelly,rkellyrl@slideshare.net,177.17.141.7
995,Richard,Coleman,rcolemanrm@bloglines.com,41.180.242.214
996,Gregory,Bradley,gbradleyrn@latimes.com,194.3.227.139
997,Walter,Brown,wbrownro@blogtalkradio.com,56.191.2.38
998,Marilyn,King,mkingrp@time.com,179.243.28.63
999,Robert,Palmer,rpalmerrq@accuweather.com,83.66.56.192
1000,Louis,Perez,lperezrr@typepad.com,242.227.128.98
