1,Douglas,Sanchez,dsanchez0@toplist.cz,2.221.14.151
2,Robert,Hudson,rhudson1@wisc.edu,211.131.138.32
3,Victor,Taylor,vtaylor2@state.gov,41.251.57.238
4,Kelly,Harvey,kharvey3@sun.com,69.31.229.204
5,John,Adams,jadams4@washington.edu,206.51.26.246
6,Johnny,Payne,jpayne5@kickstarter.com,154.171.17.37
7,Jeffrey,Henry,jhenry6@independent.co.uk,172.66.204.203
8,Laura,Matthews,lmatthews7@yale.edu,41.183.67.69
9,Beverly,Gray,bgray8@businessinsider.com,67.82.103.94
10,Norma,Lopez,nlopez9@t.co,134.130.200.25
11,Jacqueline,Howell,jhowella@guardian.co.uk,221.4.83.92
12,Diana,Nguyen,,90.13.140.131
13,Antonio,Reynolds,areynoldsc@last.fm,204.205.255.26
14,Teresa,Kim,tkimd@de.vu,140.159.32.189
15,Jose,Montgomery,jmontgomerye@rambler.ru,72.197.42.174
16,Todd,Burns,tburnsf@topsy.com,235.182.22.127
17,Diana,Matthews,dmatthewsg@deliciousdays.com,157.1.107.163
18,Louis,Ford,lfordh@taobao.com,121.26.85.73
19,Jennifer,Thompson,jthompsoni@microsoft.com,237.195.240.29
20,Arthur,Owens,aowensj@quantcast.com,77.11.221.201
21,Jonathan,Chavez,jchavezk@alexa.com,178.226.234.248
22,Kathleen,Little,klittlel@nasa.gov,129.158.172.37
23,Lawrence,Fisher,lfisherm@slashdot.org,207.82.74.138
24,Anthony,Day,adayn@blogger.com,97.169.181.66
25,Lawrence,Lawson,llawsono@exblog.jp,78.82.119.218
26,Diana,Matthews,dmatthewsp@ftc.gov,216.149.196.106
27,Ashley,Clark,aclarkq@stanford.edu,182.114.4.92
28,Janice,Garcia,jgarciar@skype.com,221.148.216.185
29,Debra,Gray,dgrays@sciencedaily.com,161.117.141.44
30,Kevin,Edwards,kedwardst@yolasite.com,164.238.130.182
31,Paula,Cruz,pcruzu@dedecms.com,226.83.95.180
32,Ashley,Taylor,,143.221.132.234
33,Judy,Oliver,joliverw@wired.com,119.135.242.103
34,Stephen,Harper,sharperx@linkedin.com,60.51.244.151
35,Tammy,Carr,tcarry@hao123.com,125.58.210.97
36,Maria,Dixon,mdixonz@cyberchimps.com,34.2.204.135
37,Fred,Harrison,,119.62.82.45
38,Howard,Moreno,hmoreno11@1und1.de,59.81.60.194
39,Catherine,Hernandez,,225.38.142.160
40,Sara,Lee,slee13@ucsd.edu,16.17.108.130
41,Diana,Ford,dford14@so-net.ne.jp,9.210.198.220
42,Norma,Hart,nhart15@admin.ch,91.3.172.250
43,Mary,Stevens,mstevens16@fema.gov,55.156.58.164
44,Sarah,Pierce,spierce17@unc.edu,60.140.26.101
45,Ronald,Edwards,redwards18@angelfire.com,100.138.83.97
46,Debra,Jacobs,djacobs19@facebook.com,60.37.47.211
47,Paul,Alexander,palexander1a@businessinsider.com,202.243.58.42
48,Bruce,Fernandez,bfernandez1b@salon.com,53.201.148.180
49,Wayne,Howell,whowell1c@nymag.com,191.231.199.102
50,Lawrence,Hudson,lhudson1d@tripadvisor.com,128.52.8.163
51,Norma,Sims,,133.160.75.37
52,Beverly,Matthews,bmatthews1f@lulu.com,22.32.52.87
53,James,Reid,jreid1g@salon.com,250.180.236.194
54,William,Oliver,woliver1h@mozilla.org,244.206.25.126
55,Phillip,Jordan,pjordan1i@squarespace.com,39.89.75.155
56,Ernest,Baker,ebaker1j@google.cn,140.39.145.231
57,Jimmy,Ellis,jellis1k@nasa.gov,152.96.187.208
58,Harold,Vasquez,hvasquez1l@booking.com,113.31.149.101
59,Shawn,Chapman,schapman1m@xing.com,146.95.20.218
60,Julie,Myers,jmyers1n@artisteer.com,179.54.248.93
61,Jesse,Patterson,jpatterson1o@chicagotribune.com,138.238.222.245
62,Pamela,Lawrence,plawrence1p@so-net.ne.jp,131.215.165.149
63,Johnny,Grant,,109.67.141.39
64,Jennifer,Turner,jturner1r@taobao.com,194.101.163.68
65,Carol,Powell,cpowell1s@prnewswire.com,249.115.76.254
66,Evelyn,Murray,emurray1t@si.edu,38.44.82.247
67,Albert,Brown,abrown1u@theguardian.com,225.166.7.215
68,Wayne,Welch,wwelch1v@merriam-webster.com,71.196.63.118
69,Carolyn,Schmidt,cschmidt1w@twitpic.com,32.211.229.201
70,Judith,Hawkins,jhawkins1x@mediafire.com,37.255.95.20
71,Mary,Mills,mmills1y@google.fr,102.156.91.253
72,Carlos,Sims,csims1z@behance.net,51.178.100.142
73,Sharon,Spencer,sspencer20@nyu.edu,85.230.207.42
74,Paula,Torres,ptorres21@about.me,229.69.68.197
75,Tammy,Armstrong,tarmstrong22@engadget.com,231.139.175.133
76,Ann,Marshall,amarshall23@hugedomains.com,171.202.161.235
77,Jesse,Howard,jhoward24@zimbio.com,206.139.5.118
78,Carl,Knight,cknight25@skype.com,101.105.111.99
79,Carl,Rivera,crivera26@mlb.com,202.252.208.133
80,Raymond,Washington,rwashington27@discuz.net,184.119.1.186
81,Matthew,Rivera,mrivera28@cornell.edu,88.166.210.175
82,Rose,Hunt,rhunt29@usgs.gov,248.38.146.233
83,Heather,Johnson,hjohnson2a@digg.com,177.205.50.151
84,Deborah,Williams,,167.199.86.43
85,Louise,Fisher,lfisher2c@arstechnica.com,202.50.24.164
86,Carol,Thomas,cthomas2d@businessweek.com,129.117.90.252
87,Bobby,Hart,bhart2e@mapy.cz,114.157.17.163
88,Anna,Lynch,alynch2f@state.tx.us,178.26.205.141
89,Aaron,Rivera,arivera2g@accuweather.com,236.24.25.112
90,Harry,Pierce,hpierce2h@wunderground.com,27.203.62.254
91,Peter,Holmes,pholmes2i@google.cn,45.233.220.144
92,Keith,Peterson,kpeterson2j@123-reg.co.uk,172.88.135.187
93,Carl,Webb,cwebb2k@cornell.edu,153.190.62.87
94,Teresa,Lawson,tlawson2l@businessinsider.com,20.213.1.167
95,Lawrence,Ward,lward2m@gmpg.org,78.200.64.169
96,Kathy,Banks,kbanks2n@slashdot.org,46.41.21.4
97,Tina,Dunn,tdunn2o@gravatar.com,225.46.215.255
98,Brian,Porter,bporter2p@phoca.cz,70.10.208.246
99,Marie,Anderson,manderson2q@furl.net,34.43.251.77
100,Dorothy,Hill,dhill2r@parallels.com,10.135.228.153
101,Bonnie,Ferguson,bferguson2s@forbes.com,66.25.63.195
102,Heather,Hawkins,,235.3.74.235
103,Joan,Bowman,jbowman2u@myspace.com,62.111.52.35
104,Joseph,Larson,jlarson2v@comcast.net,2.182.39.192
105,Anna,Allen,aallen2w@acquirethisname.com,69.82.104.56
106,Matthew,Greene,mgreene2x@merriam-webster.com,197.91.59.172
107,Stephen,Alexander,salexander2y@apple.com,229.167.218.188
108,Joshua,Stanley,jstanley2z@howstuffworks.com,167.178.83.151
109,Sara,Willis,swillis30@booking.com,95.198.91.51
110,Lori,Reynolds,lreynolds31@va.gov,158.99.89.14
111,Emily,Elliott,eelliott32@constantcontact.com,145.65.67.37
112,Gerald,Mitchell,gmitchell33@rediff.com,46.139.70.129
113,Justin,Elliott,jelliott34@google.com.au,78.179.220.105
114,Charles,Stevens,cstevens35@4shared.com,67.59.218.24
115,Justin,Rice,jrice36@facebook.com,196.150.144.212
116,Jessica,Scott,,224.145.213.227
117,Stephanie,Armstrong,sarmstrong38@patch.com,117.127.208.79
118,Julia,Hanson,jhanson39@prlog.org,119.195.54.80
119,Andrea,Miller,amiller3a@t.co,189.95.76.196
120,Albert,Dean,adean3b@marketwatch.com,204.170.173.38
121,Jean,Bennett,jbennett3c@nymag.com,216.238.250.118
122,Donna,Warren,,227.134.218.162
123,Emily,Cunningham,ecunningham3e@vistaprint.com,74.76.192.235
124,Terry,Stone,tstone3f@people.com.cn,232.150.237.25
125,Teresa,Graham,tgraham3g@dailymail.co.uk,3.157.95.73
126,Phyllis,Myers,pmyers3h@mysql.com,153.16.230.133
127,Jack,Mason,jmason3i@mtv.com,77.180.211.86
128,Jeremy,Mcdonald,jmcdonald3j@aboutads.info,80.76.231.99
129,Mary,Anderson,manderson3k@posterous.com,199.193.39.125
130,Robin,Martin,rmartin3l@cnet.com,215.117.124.83
131,Aaron,Young,ayoung3m@unesco.org,122.79.51.113
132,William,Gonzalez,wgonzalez3n@usnews.com,248.55.93.75
133,Anthony,Bell,abell3o@tinypic.com,145.76.57.166
134,Mark,Nelson,mnelson3p@arizona.edu,180.191.92.150
135,Joan,Castillo,jcastillo3q@hatena.ne.jp,108.73.56.76
136,Lisa,Lawson,llawson3r@walmart.com,95.57.79.152
137,Kelly,Flores,kflores3s@mashable.com,218.83.117.245
138,Amy,Wheeler,awheeler3t@ted.com,68.235.239.63
139,Fred,Roberts,froberts3u@utexas.edu,135.166.118.165
140,Amanda,Gardner,agardner3v@mashable.com,115.16.127.251
141,Diana,Hansen,dhansen3w@blog.com,10.3.130.151
142,Gregory,Scott,gscott3x@un.org,135.46.238.67
143,Mary,Hudson,mhudson3y@foxnews.com,206.145.187.90
144,James,Hanson,jhanson3z@hatena.ne.jp,24.213.154.51
145,Kathryn,Spencer,kspencer40@over-blog.com,1.129.177.39
146,Debra,White,dwhite41@jiathis.com,205.105.120.219
147,Joyce,Cook,jcook42@google.co.uk,118.248.120.73
148,Patrick,Moreno,pmoreno43@va.gov,9.162.58.240
149,Cheryl,Morrison,cmorrison44@shop-pro.jp,67.240.156.180
150,Mildred,Johnston,mjohnston45@soup.io,230.2.145.30
151,Edward,Burns,eburns46@spiegel.de,81.50.157.92
152,Martha,Hamilton,mhamilton47@i2i.jp,80.102.210.61
153,Irene,Smith,ismith48@discuz.net,57.56.119.157
154,Ronald,Palmer,rpalmer49@rediff.com,93.186.195.121
155,Anna,Murray,amurray4a@google.com.au,239.206.252.124
156,Lillian,Dean,ldean4b@geocities.com,154.22.218.203
157,Ronald,Little,rlittle4c@fotki.com,182.197.191.144
158,Victor,Vasquez,vvasquez4d@google.co.jp,119.19.49.170
159,Evelyn,Sanders,esanders4e@state.tx.us,118.3.52.25
160,Alan,Lewis,alewis4f@stumbleupon.com,137.68.242.164
161,George,Wilson,gwilson4g@senate.gov,33.176.26.11
162,Ernest,Parker,eparker4h@i2i.jp,46.202.91.1
163,Evelyn,Larson,elarson4i@goo.ne.jp,5.158.220.165
164,Ann,Barnes,abarnes4j@tinypic.com,148.68.4.30
165,Rachel,Long,rlong4k@hubpages.com,175.14.88.177
166,Maria,Hernandez,mhernandez4l@wisc.edu,24.249.208.92
167,Sandra,Palmer,spalmer4m@wunderground.com,103.230.51.113
168,Denise,Young,dyoung4n@ezinearticles.com,3.222.98.185
169,Sandra,Ellis,sellis4o@jalbum.net,221.175.140.158
170,Norma,Watson,nwatson4p@cam.ac.uk,159.245.228.131
171,Jack,Burns,jburns4q@fastcompany.com,163.249.172.122
172,Frances,Edwards,fedwards4r@acquirethisname.com,81.176.85.154
173,Kimberly,Kim,kkim4s@drupal.org,100.89.21.230
174,Louis,Graham,lgraham4t@wiley.com,25.68.173.227
175,Denise,Alexander,dalexander4u@creativecommons.org,222.184.78.168
176,Gary,Bishop,gbishop4v@sakura.ne.jp,188.79.1.234
177,Steve,Fuller,sfuller4w@mysql.com,159.80.32.23
178,Joshua,Howard,jhoward4x@webnode.com,252.121.235.52
179,Annie,Fernandez,afernandez4y@icq.com,248.3.69.7
180,Shirley,Howard,showard4z@etsy.com,162.59.213.4
181,Gary,Jenkins,gjenkins50@blogspot.com,178.41.1.93
182,Anthony,Brown,abrown51@bloomberg.com,125.105.18.122
183,Mildred,Ruiz,mruiz52@dell.com,14.7.211.172
184,Stephen,Johnson,sjohnson53@blogs.com,189.63.142.121
185,Phyllis,Howard,phoward54@i2i.jp,239.200.83.98
186,Samuel,Hicks,shicks55@sakura.ne.jp,24.65.142.192
187,Alan,Collins,acollins56@intel.com,25.240.45.249
188,Roger,Adams,radams57@barnesandnoble.com,186.172.111.4
189,Martha,Brown,mbrown58@guardian.co.uk,212.91.106.53
190,Jacqueline,Gonzalez,jgonzalez59@timesonline.co.uk,227.237.188.60
191,Michelle,Powell,mpowell5a@dell.com,222.105.75.193
192,Ruby,Gutierrez,rgutierrez5b@walmart.com,136.181.175.73
193,Maria,Cox,mcox5c@webs.com,200.186.29.68
194,Susan,Turner,sturner5d@surveymonkey.com,72.18.68.113
195,Angela,Robertson,arobertson5e@independent.co.uk,191.229.87.233
196,Benjamin,Sanders,bsanders5f@soup.io,154.238.128.121
197,Jessica,Marshall,jmarshall5g@comsenz.com,6.200.240.99
198,Diane,Matthews,dmatthews5h@uol.com.br,43.91.244.66
199,Brenda,Lawson,blawson5i@desdev.cn,138.68.166.239
200,Harry,Hanson,hhanson5j@yolasite.com,15.34.17.148
201,Justin,Palmer,jpalmer5k@scribd.com,75.163.185.58
202,Andrew,Peters,apeters5l@gnu.org,6.76.27.247
203,Henry,Lane,hlane5m@mail.ru,5.215.251.182
204,Edward,Lewis,elewis5n@ed.gov,242.82.66.105
205,Brian,Gordon,bgordon5o@dagondesign.com,110.232.66.158
206,Eugene,Hall,ehall5p@yandex.ru,233.176.171.226
207,Linda,Cole,lcole5q@fotki.com,117.24.125.66
208,Kathy,Coleman,kcoleman5r@posterous.com,225.230.186.50
209,Sarah,Howard,showard5s@wikipedia.org,113.34.80.53
210,Bonnie,Thompson,bthompson5t@apple.com,19.154.239.255
211,Brenda,Smith,bsmith5u@51.la,90.174.88.37
212,Willie,Dixon,wdixon5v@barnesandnoble.com,144.64.113.194
213,Jessica,Mcdonald,jmcdonald5w@nifty.com,19.3.103.247
214,Charles,Mccoy,cmccoy5x@wp.com,56.42.148.129
215,Kenneth,Mitchell,kmitchell5y@go.com,91.142.15.16
216,Howard,Evans,hevans5z@sitemeter.com,150.57.66.168
217,Donald,Russell,,35.12.250.225
218,Christine,Garza,cgarza61@ucoz.ru,236.45.27.218
219,Robin,Snyder,rsnyder62@illinois.edu,213.71.243.102
220,Patricia,Jordan,pjordan63@desdev.cn,207.220.161.254
221,Robert,Johnston,rjohnston64@symantec.com,202.85.34.101
222,Helen,Kennedy,hkennedy65@bandcamp.com,233.76.218.229
223,Carlos,Hansen,chansen66@smh.com.au,150.251.174.134
224,Virginia,Anderson,,105.13.181.180
225,Kathryn,Bailey,kbailey68@twitpic.com,102.144.131.46
226,Thomas,Dixon,tdixon69@exblog.jp,70.158.164.102
227,Christine,Hunt,chunt6a@yale.edu,186.102.85.119
228,Evelyn,Tucker,etucker6b@feedburner.com,156.185.251.182
229,Virginia,Carpenter,vcarpenter6c@miitbeian.gov.cn,225.132.3.53
230,Eugene,Wheeler,,224.233.220.147
231,Karen,Gutierrez,kgutierrez6e@bloglines.com,120.239.105.16
232,Anne,Sanders,asanders6f@stanford.edu,3.3.53.19
233,Craig,Lawrence,clawrence6g@washingtonpost.com,101.194.117.187
234,Tina,Gibson,tgibson6h@icio.us,74.213.233.239
235,Dennis,Bailey,dbailey6i@cornell.edu,109.116.5.68
236,Joshua,Diaz,jdiaz6j@npr.org,171.70.73.2
237,Brenda,Weaver,bweaver6k@joomla.org,138.72.0.174
238,Carl,Romero,cromero6l@mayoclinic.com,69.59.58.250
239,Jeffrey,Freeman,jfreeman6m@skyrock.com,74.225.145.222
240,Jacqueline,Palmer,jpalmer6n@archive.org,253.209.118.151
241,Pamela,Thompson,pthompson6o@typepad.com,38.198.221.134
242,Deborah,Bryant,dbryant6p@independent.co.uk,89.61.126.5
243,Kathleen,Martinez,kmartinez6q@about.me,86.205.247.209
244,Carl,Chavez,cchavez6r@slashdot.org,140.21.40.240
245,Brenda,Stewart,bstewart6s@gravatar.com,31.12.152.19
246,Louise,Gray,lgray6t@cargocollective.com,1.62.168.47
247,Nicole,Hayes,,130.251.105.115
248,Emily,Young,eyoung6v@amazon.com,66.110.98.47
249,Fred,Riley,friley6w@delicious.com,79.218.179.133
250,Clarence,Moreno,cmoreno6x@digg.com,117.125.140.95
251,Samuel,Palmer,spalmer6y@examiner.com,205.161.184.88
252,David,Fowler,dfowler6z@furl.net,37.210.124.66
253,Jeremy,Wagner,,80.170.105.2
254,Margaret,Barnes,mbarnes71@msu.edu,228.54.151.245
255,Roy,Medina,rmedina72@hubpages.com,123.35.148.181
256,Roy,Mendoza,rmendoza73@msu.edu,124.195.60.35
257,Russell,Frazier,rfrazier74@cnn.com,22.12.73.147
258,Ronald,Boyd,rboyd75@blogs.com,170.49.36.153
259,Julia,Matthews,,80.246.111.80
260,Debra,Torres,dtorres77@trellian.com,166.2.97.253
261,Julie,Boyd,jboyd78@europa.eu,98.138.43.47
262,Roy,Garza,rgarza79@newsvine.com,158.127.41.209
263,Christina,Cruz,ccruz7a@flavors.me,159.72.136.121
264,Stephen,Palmer,spalmer7b@seesaa.net,44.49.86.218
265,Roy,Romero,rromero7c@kickstarter.com,96.246.204.67
266,Ashley,Walker,awalker7d@discuz.net,179.175.125.33
267,Benjamin,Wilson,bwilson7e@qq.com,123.118.97.87
268,Raymond,Wallace,rwallace7f@unicef.org,121.47.105.196
269,Larry,Bishop,lbishop7g@sogou.com,130.114.47.116
270,Frances,Reed,freed7h@google.com.au,84.240.49.183
271,Douglas,Hawkins,dhawkins7i@upenn.edu,11.189.46.118
272,David,Perry,dperry7j@sphinn.com,159.195.194.79
273,Virginia,Elliott,velliott7k@irs.gov,184.47.17.127
274,Wayne,Wells,wwells7l@ucoz.com,111.234.224.147
275,Anne,Hicks,ahicks7m@blogs.com,79.3.34.24
276,Paul,Hamilton,phamilton7n@scribd.com,5.172.193.125
277,Ronald,Reed,rreed7o@jalbum.net,71.250.65.112
278,Cynthia,Flores,cflores7p@free.fr,145.163.16.38
279,Sean,Carr,scarr7q@creativecommons.org,247.233.234.40
280,Earl,Ortiz,eortiz7r@dailymotion.com,199.119.89.185
281,Lisa,Harrison,lharrison7s@engadget.com,40.97.174.164
282,Victor,Watson,vwatson7t@prnewswire.com,231.79.65.8
283,David,Allen,dallen7u@dedecms.com,176.81.186.96
284,Eric,Weaver,eweaver7v@sun.com,163.180.82.31
285,George,Mason,gmason7w@list-manage.com,73.143.133.45
286,Anne,Simpson,,112.4.148.52
287,Bruce,Bradley,bbradley7y@angelfire.com,241.138.8.41
288,Anne,Martinez,amartinez7z@google.it,5.92.2.247
289,Beverly,Stewart,bstewart80@dion.ne.jp,135.114.9.3
290,Ruby,Scott,rscott81@ucsd.edu,91.143.93.28
291,Philip,Olson,polson82@furl.net,80.142.211.223
292,Dorothy,Evans,devans83@whitehouse.gov,42.247.116.215
293,Heather,Alvarez,halvarez84@weebly.com,151.208.7.190
294,Jimmy,Hicks,jhicks85@house.gov,183.9.50.200
295,Earl,Gutierrez,egutierrez86@bloglines.com,222.228.39.168
296,Anne,Weaver,aweaver87@storify.com,187.62.111.25
297,Terry,Holmes,tholmes88@theatlantic.com,188.204.67.29
298,Brandon,Lee,blee89@about.me,239.57.126.248
299,Lisa,Mcdonald,lmcdonald8a@whitehouse.gov,249.140.218.86
300,Julie,Ortiz,,167.255.38.47
301,Stephanie,Powell,spowell8c@com.com,22.139.64.138
302,Raymond,Clark,rclark8d@wikimedia.org,29.132.80.220
303,Kevin,Schmidt,kschmidt8e@list-manage.com,53.93.55.39
304,Terry,Gilbert,tgilbert8f@state.tx.us,233.24.246.47
305,James,Harper,jharper8g@apple.com,70.170.13.207
306,Doris,Hamilton,dhamilton8h@imdb.com,123.86.9.32
307,Gary,Gonzalez,ggonzalez8i@nymag.com,189.137.63.244
308,George,Thomas,,166.236.140.35
309,Jonathan,Bennett,jbennett8k@sciencedaily.com,184.96.108.129
310,Richard,Black,rblack8l@nba.com,173.234.212.56
311,Jonathan,Phillips,jphillips8m@rambler.ru,28.142.231.25
312,Lawrence,Kim,lkim8n@google.co.uk,78.91.128.78
313,Roy,Thomas,rthomas8o@baidu.com,249.232.86.248
314,Peter,Stewart,pstewart8p@histats.com,187.72.179.60
315,Judy,Bennett,jbennett8q@jimdo.com,216.221.253.65
316,Joan,Sanchez,jsanchez8r@purevolume.com,153.32.62.35
317,Gerald,Garza,ggarza8s@tuttocitta.it,58.216.6.251
318,Jerry,Lawson,jlawson8t@microsoft.com,0.226.34.241
319,Julia,Jacobs,jjacobs8u@jalbum.net,174.76.157.24
320,Virginia,Turner,vturner8v@flavors.me,79.240.10.53
321,Stephanie,Mills,smills8w@sakura.ne.jp,97.195.76.183
322,Joan,Myers,jmyers8x@earthlink.net,120.198.182.186
323,Michael,Watson,mwatson8y@comsenz.com,254.189.4.210
324,Carolyn,Castillo,ccastillo8z@guardian.co.uk,167.43.86.86
325,Jessica,Castillo,jcastillo90@omniture.com,111.63.55.117
326,Tammy,Graham,tgraham91@reddit.com,80.255.206.19
327,Wayne,Torres,,43.45.131.181
328,George,Mason,gmason93@nsw.gov.au,208.42.254.252
329,Howard,Anderson,handerson94@nps.gov,122.169.169.147
330,Nicholas,Ellis,nellis95@yellowpages.com,247.21.93.72
331,Christopher,Mendoza,cmendoza96@whitehouse.gov,123.234.217.240
332,Walter,Medina,wmedina97@google.co.uk,44.58.23.191
333,Sandra,Phillips,sphillips98@google.es,29.7.113.162
334,Keith,White,kwhite99@comcast.net,70.178.100.68
335,Donald,Ross,dross9a@hc360.com,101.188.195.95
336,Christopher,Day,cday9b@cloudflare.com,218.25.70.44
337,Linda,Bradley,lbradley9c@prlog.org,229.211.186.126
338,Wanda,Davis,wdavis9d@cam.ac.uk,101.206.252.131
339,Brian,Hayes,bhayes9e@cbc.ca,222.14.104.17
340,Nicholas,Henry,nhenry9f@barnesandnoble.com,194.74.249.230
341,Willie,Ward,wward9g@clickbank.net,3.178.20.64
342,Heather,Woods,hwoods9h@vkontakte.ru,226.250.158.85
343,Benjamin,Powell,bpowell9i@bandcamp.com,229.192.26.137
344,Frances,Pierce,fpierce9j@hao123.com,84.1.119.251
345,Karen,Cruz,kcruz9k@elpais.com,152.103.228.132
346,Billy,Anderson,banderson9l@yahoo.com,145.72.95.13
347,Christina,Parker,cparker9m@mozilla.org,177.151.68.25
348,Anthony,Nelson,anelson9n@multiply.com,188.110.251.30
349,Kevin,Dean,kdean9o@csmonitor.com,90.160.253.120
350,Beverly,Butler,,22.119.157.15
351,Gary,Stone,gstone9q@newsvine.com,16.54.212.249
352,Frances,Rose,frose9r@google.com.br,190.250.110.210
353,Elizabeth,Barnes,ebarnes9s@delicious.com,244.166.36.49
354,Brandon,Wells,bwells9t@engadget.com,93.191.15.233
355,Anthony,Ramos,aramos9u@cam.ac.uk,45.251.229.232
356,Judy,Stevens,jstevens9v@g.co,9.226.231.135
357,Charles,Murphy,cmurphy9w@ameblo.jp,172.37.160.63
358,Heather,Mccoy,hmccoy9x@ovh.net,125.117.187.235
359,Janice,Fernandez,jfernandez9y@amazonaws.com,91.52.69.250
360,Steve,Payne,spayne9z@com.com,252.98.187.177
361,Diane,King,dkinga0@jalbum.net,115.138.250.95
362,Gloria,Adams,,197.238.159.93
363,Irene,Olson,iolsona2@xinhuanet.com,184.22.183.42
364,Eric,Duncan,eduncana3@merriam-webster.com,194.86.105.38
365,Kevin,Robertson,krobertsona4@istockphoto.com,45.188.244.117
366,Kevin,Larson,klarsona5@guardian.co.uk,192.179.146.190
367,Beverly,Gilbert,bgilberta6@uiuc.edu,5.248.64.13
368,Phillip,Garza,pgarzaa7@cpanel.net,164.247.23.161
369,Philip,Welch,pwelcha8@tinypic.com,61.86.231.102
370,Norma,Franklin,nfranklina9@topsy.com,112.177.217.89
371,Jose,Washington,jwashingtonaa@biglobe.ne.jp,56.147.119.215
372,Stephanie,Knight,sknightab@washingtonpost.com,9.118.51.64
373,Nancy,Burton,nburtonac@mtv.com,22.215.249.35
374,Marilyn,Fields,mfieldsad@paypal.com,177.42.77.85
375,Betty,Lopez,blopezae@wunderground.com,195.213.68.190
376,Randy,Hayes,rhayesaf@blinklist.com,118.212.217.93
377,Richard,Wright,rwrightag@deviantart.com,255.229.145.220
378,Roger,Watson,rwatsonah@intel.com,251.133.238.167
379,Nancy,Howell,nhowellai@ft.com,50.85.76.243
380,Charles,West,cwestaj@toplist.cz,144.88.120.135
381,Eric,Brooks,ebrooksak@flavors.me,91.200.70.19
382,Lois,Rodriguez,lrodriguezal@github.io,54.144.19.173
383,Heather,George,hgeorgeam@hugedomains.com,202.170.18.115
384,Victor,Alexander,valexanderan@parallels.com,119.180.134.14
385,Melissa,Mendoza,mmendozaao@technorati.com,76.135.68.118
386,Joseph,Holmes,jholmesap@webnode.com,45.239.125.189
387,Robin,Castillo,rcastilloaq@theguardian.com,245.230.216.151
388,Kelly,Cooper,kcooperar@google.com.hk,53.220.245.87
389,Julie,Hayes,jhayesas@typepad.com,223.249.104.132
390,Sarah,Hart,shartat@boston.com,200.197.68.170
391,Beverly,Morales,bmoralesau@sohu.com,206.140.195.156
392,Robin,Romero,rromeroav@mapquest.com,201.254.194.34
393,Martha,Rodriguez,mrodriguezaw@aol.com,72.240.184.27
394,Jack,Johnson,jjohnsonax@cloudflare.com,6.94.20.109
395,Patricia,Ortiz,portizay@nih.gov,122.248.225.165
396,Sean,Black,sblackaz@sitemeter.com,120.106.35.77
397,Sarah,Carroll,scarrollb0@github.io,52.210.241.116
398,Beverly,Ross,brossb1@fc2.com,79.127.111.221
399,Donald,Torres,dtorresb2@ca.gov,63.85.3.80
400,Teresa,Grant,tgrantb3@sbwire.com,27.100.148.184
401,Sandra,Hayes,shayesb4@dion.ne.jp,22.67.130.65
402,Beverly,Bradley,bbradleyb5@whitehouse.gov,45.90.82.231
403,Victor,Rodriguez,vrodriguezb6@phpbb.com,150.206.105.65
404,Carlos,Wheeler,cwheelerb7@tumblr.com,145.118.182.216
405,Robin,Banks,rbanksb8@hc360.com,185.117.66.184
406,Scott,Morgan,smorganb9@typepad.com,244.9.206.73
407,Justin,Hansen,,148.240.49.12
408,Jack,Simpson,jsimpsonbb@fc2.com,208.53.25.26
409,Antonio,Watkins,awatkinsbc@eventbrite.com,215.6.174.8
410,Bobby,Wells,bwellsbd@behance.net,86.46.11.20
411,Brian,Young,byoungbe@oracle.com,233.25.72.175
412,Earl,Woods,,82.214.69.230
413,Larry,Peterson,lpetersonbg@google.com.hk,215.138.18.149
414,Nancy,Reid,nreidbh@rakuten.co.jp,160.105.2.140
415,Martha,Fernandez,mfernandezbi@redcross.org,133.95.102.193
416,Kathryn,Robertson,krobertsonbj@squarespace.com,62.24.12.204
417,Paula,Chavez,pchavezbk@privacy.gov.au,203.226.89.194
418,Sharon,Henry,shenrybl@bigcartel.com,22.181.56.135
419,Ronald,Fields,rfieldsbm@squidoo.com,204.14.94.12
420,John,Matthews,jmatthewsbn@dot.gov,41.128.136.34
421,Albert,Snyder,asnyderbo@hatena.ne.jp,40.43.105.188
422,Clarence,Hunt,chuntbp@simplemachines.org,2.18.104.121
423,Kathleen,Frazier,kfrazierbq@networkadvertising.org,168.51.45.64
424,Maria,Kelley,mkelleybr@smh.com.au,251.243.57.1
425,Margaret,Lane,mlanebs@va.gov,159.25.217.200
426,John,Martinez,jmartinezbt@thetimes.co.uk,182.148.9.250
427,Andrea,Spencer,aspencerbu@infoseek.co.jp,128.196.130.147
428,Ashley,Ross,arossbv@typepad.com,255.107.209.8
429,Rebecca,Diaz,rdiazbw@mit.edu,67.176.221.57
430,Joan,Rivera,jriverabx@cnet.com,7.25.97.219
431,Bonnie,Edwards,bedwardsby@reverbnation.com,19.148.175.49
432,Philip,Cox,,235.89.60.24
433,Evelyn,Howell,ehowellc0@simplemachines.org,118.244.46.181
434,Joshua,Ellis,jellisc1@cornell.edu,5.144.97.232
435,Linda,Harvey,,176.59.155.231
436,Julie,Payne,jpaynec3@freewebs.com,5.201.8.183
437,Russell,Henry,rhenryc4@xrea.com,93.92.236.18
438,Jean,Wallace,jwallacec5@hud.gov,166.90.240.32
439,Gary,Duncan,gduncanc6@blogspot.com,150.192.3.170
440,Ashley,Kelly,akellyc7@slashdot.org,226.85.232.206
441,Margaret,Gomez,mgomezc8@unesco.org,4.61.236.5
442,Daniel,Henderson,dhendersonc9@slideshare.net,24.68.173.99
443,Cynthia,Ray,crayca@over-blog.com,81.172.215.43
444,John,Coleman,jcolemancb@tinyurl.com,203.112.193.60
445,Scott,Stevens,sstevenscc@wikispaces.com,5.80.7.0
446,Joseph,Ryan,jryancd@storify.com,179.133.247.81
447,Sara,Johnston,sjohnstonce@lycos.com,22.133.229.81
448,Craig,Murray,cmurraycf@census.gov,21.237.28.64
449,Patrick,Lopez,plopezcg@telegraph.co.uk,42.29.15.207
450,Anthony,Harper,aharperch@canalblog.com,226.15.49.192
451,Samuel,Williamson,swilliamsonci@quantcast.com,146.134.34.136
452,Margaret,Smith,msmithcj@twitpic.com,191.211.96.5
453,Randy,Franklin,rfranklinck@flavors.me,233.158.221.102
454,Jason,Cole,jcolecl@wikispaces.com,206.183.44.134
455,Rebecca,Harris,rharriscm@sina.com.cn,114.39.89.109
456,Kathleen,Gardner,kgardnercn@unblog.fr,72.212.100.137
457,Julie,Harper,jharperco@google.ru,114.147.228.185
458,Emily,Watkins,ewatkinscp@webmd.com,13.160.48.142
459,Jane,Wagner,jwagnercq@so-net.ne.jp,200.161.209.71
460,Ashley,Perry,aperrycr@netscape.com,145.246.170.13
461,Roy,Moore,rmoorecs@bandcamp.com,112.95.28.240
462,Alan,Williamson,awilliamsonct@mail.ru,47.0.174.235
463,Lois,Stephens,lstephenscu@howstuffworks.com,84.101.123.47
464,Bonnie,Evans,bevanscv@istockphoto.com,43.246.157.220
465,Louis,Hansen,lhansencw@google.com,173.236.124.72
466,Randy,Wheeler,rwheelercx@yellowpages.com,73.79.122.49
467,Pamela,Bryant,pbryantcy@rediff.com,2.250.103.208
468,Martha,Ford,mfordcz@wunderground.com,55.215.242.186
469,Scott,Hall,,192.214.126.213
470,Roy,Wells,rwellsd1@cnn.com,70.63.217.83
471,Robert,Crawford,rcrawfordd2@phoca.cz,253.211.115.93
472,Lisa,Kennedy,lkennedyd3@psu.edu,253.76.87.101
473,Wayne,Collins,,144.186.16.167
474,Jean,Payne,jpayned5@tinyurl.com,168.219.44.134
475,Carlos,Phillips,cphillipsd6@constantcontact.com,110.124.81.234
476,Barbara,Lee,bleed7@pinterest.com,74.53.91.103
477,Ruby,Ramirez,rramirezd8@amazon.co.jp,231.222.1.40
478,Sean,Diaz,,31.40.170.229
479,Philip,Hunt,phuntda@zimbio.com,103.10.244.157
480,Walter,Reed,wreeddb@google.fr,128.141.210.199
481,Beverly,Spencer,bspencerdc@plala.or.jp,68.73.190.55
482,Christine,Rose,crosedd@over-blog.com,171.194.42.22
483,David,Gilbert,dgilbertde@samsung.com,14.180.119.134
484,Laura,Sullivan,lsullivandf@bigcartel.com,165.182.152.246
485,Dorothy,Wallace,dwallacedg@intel.com,212.112.215.138
486,Jeffrey,Rodriguez,jrodriguezdh@columbia.edu,154.177.245.234
487,Ann,Morrison,amorrisondi@paypal.com,152.160.126.130
488,Jennifer,Stewart,jstewartdj@nymag.com,114.75.71.135
489,Cynthia,Simpson,csimpsondk@senate.gov,238.215.51.22
490,Terry,Ramos,tramosdl@cnet.com,60.94.45.65
491,Kimberly,Ferguson,kfergusondm@spotify.com,36.205.25.179
492,Todd,Roberts,trobertsdn@list-manage.com,210.245.148.229
493,Ryan,Rodriguez,rrodriguezdo@usa.gov,63.14.238.149
494,Patrick,Ramos,,40.252.175.59
495,Raymond,Sullivan,rsullivandq@ovh.net,179.249.176.243
496,Eric,Carr,ecarrdr@nbcnews.com,170.118.79.21
497,Sarah,Wilson,swilsonds@behance.net,187.74.36.174
498,Lawrence,Snyder,lsnyderdt@sitemeter.com,192.44.251.129
499,Amanda,Ray,araydu@bing.com,234.106.83.252
500,Lori,Howard,lhowarddv@ca.gov,96.227.28.6
501,Jerry,Russell,jrusselldw@elpais.com,181.174.96.25
502,Harold,Castillo,hcastillodx@prlog.org,184.201.88.206
503,Mark,Medina,mmedinady@cpanel.net,114.96.106.225
504,Diana,Roberts,drobertsdz@buzzfeed.com,121.125.211.103
505,Linda,Gordon,lgordone0@youtu.be,151.205.8.151
506,Teresa,Hernandez,thernandeze1@home.pl,212.82.66.155
507,Juan,Snyder,,8.1.89.65
508,Ann,Brown,abrowne3@mlb.com,217.241.172.161
509,Louise,Sanders,lsanderse4@toplist.cz,169.14.115.199
510,Victor,Torres,vtorrese5@state.gov,106.181.106.103
511,Jonathan,Morgan,jmorgane6@yale.edu,192.64.175.139
512,Fred,Mason,fmasone7@homestead.com,217.14.168.131
513,Martin,Diaz,mdiaze8@disqus.com,203.72.76.217
514,Kathy,Torres,ktorrese9@cocolog-nifty.com,180.128.223.57
515,David,Sullivan,dsullivanea@woothemes.com,5.69.252.200
516,Eric,Stewart,estewarteb@icq.com,76.147.228.79
517,Eugene,Perkins,eperkinsec@vimeo.com,14.165.210.6
518,Patricia,Welch,pwelched@yahoo.com,228.7.205.227
519,Tina,Parker,tparkeree@alexa.com,121.245.173.45
520,Barbara,Freeman,bfreemanef@parallels.com,51.217.234.107
521,Randy,White,rwhiteeg@utexas.edu,88.93.95.76
522,Christopher,Woods,cwoodseh@yandex.ru,70.12.77.237
523,Kathryn,Bennett,kbennettei@163.com,2.195.125.166
524,Eric,Wagner,ewagnerej@theatlantic.com,97.44.87.241
525,Craig,Ellis,cellisek@wufoo.com,31.96.87.176
526,Henry,Cruz,hcruzel@vistaprint.com,112.169.13.105
527,Joyce,Banks,jbanksem@yale.edu,62.113.102.255
528,Janice,George,,191.124.18.247
529,Joan,Hanson,jhansoneo@europa.eu,158.173.186.184
530,Sara,Howell,showellep@netlog.com,250.99.132.32
531,Beverly,Webb,bwebbeq@baidu.com,193.251.91.203
532,Henry,Riley,hrileyer@house.gov,152.160.50.176
533,Juan,Jordan,jjordanes@zdnet.com,66.59.94.105
534,Paula,Sims,psimset@usatoday.com,89.156.175.59
535,Justin,Olson,jolsoneu@imgur.com,232.155.150.48
536,Theresa,Richardson,trichardsonev@histats.com,200.216.82.76
537,Clarence,Boyd,cboydew@printfriendly.com,34.238.183.191
538,Carol,Nichols,cnicholsex@whitehouse.gov,244.206.188.96
539,Sarah,Murray,smurrayey@geocities.com,200.154.73.64
540,Jose,Owens,jowensez@nature.com,241.90.197.88
541,Eric,Riley,erileyf0@dailymotion.com,108.81.183.237
542,Harry,Watson,hwatsonf1@salon.com,61.70.51.105
543,Harold,Phillips,,33.37.171.225
544,Clarence,Fernandez,cfernandezf3@tuttocitta.it,84.91.181.119
545,Mildred,White,mwhitef4@house.gov,119.50.85.235
546,Kelly,Morrison,kmorrisonf5@constantcontact.com,131.168.95.53
547,Christopher,King,ckingf6@ebay.co.uk,237.166.59.220
548,Julie,Nelson,jnelsonf7@t.co,95.65.57.185
549,Ashley,Howard,ahowardf8@wufoo.com,164.25.119.228
550,Phyllis,Harper,pharperf9@fastcompany.com,226.158.37.44
551,Judy,Hayes,jhayesfa@sun.com,87.223.72.122
552,Frank,Gonzalez,fgonzalezfb@tiny.cc,92.25.202.163
553,Paul,Freeman,,182.246.246.208
554,Ann,Welch,awelchfd@go.com,57.45.145.104
555,Steven,Gonzales,sgonzalesfe@columbia.edu,166.77.206.243
556,Michael,Flores,mfloresff@ed.gov,241.190.165.81
557,Sean,Mitchell,smitchellfg@sun.com,51.55.5.12
558,Robin,Riley,rrileyfh@nymag.com,22.104.170.39
559,Michael,Kennedy,mkennedyfi@newsvine.com,84.113.10.153
560,Angela,Palmer,apalmerfj@vinaora.com,202.141.129.40
561,Timothy,Russell,trussellfk@cbc.ca,23.111.91.29
562,Janet,Gray,jgrayfl@walmart.com,133.2.81.80
563,Scott,Griffin,sgriffinfm@joomla.org,7.184.121.221
564,Jimmy,Payne,jpaynefn@forbes.com,102.224.177.19
565,Ryan,Gardner,rgardnerfo@tinypic.com,69.32.22.202
566,Carl,Lane,clanefp@netlog.com,217.52.103.78
567,Betty,Foster,bfosterfq@google.ca,232.0.112.248
568,Edward,Porter,eporterfr@aboutads.info,196.208.180.229
569,Raymond,Graham,rgrahamfs@wired.com,135.108.109.73
570,Earl,Price,epriceft@reddit.com,240.142.56.110
571,Alan,Rose,arosefu@house.gov,121.17.171.123
572,Steven,Bishop,sbishopfv@soup.io,132.189.92.252
573,Kathy,Snyder,ksnyderfw@angelfire.com,88.165.122.168
574,Evelyn,Rice,ericefx@symantec.com,128.167.230.76
575,Antonio,Bradley,abradleyfy@usda.gov,35.216.73.250
576,Tina,Bradley,tbradleyfz@whitehouse.gov,94.250.172.13
577,Albert,Harris,aharrisg0@adobe.com,93.150.225.169
578,Brandon,Gonzalez,bgonzalezg1@desdev.cn,127.160.242.31
579,Christina,Stephens,cstephensg2@craigslist.org,250.125.209.192
580,Jason,Rice,jriceg3@prweb.com,34.130.76.214
581,Rose,Medina,,120.226.169.235
582,Arthur,Medina,amedinag5@washington.edu,251.36.207.254
583,Louise,Perez,lperezg6@cnn.com,142.142.202.148
584,Kenneth,Hudson,khudsong7@ovh.net,168.38.231.5
585,Marilyn,Bradley,mbradleyg8@sun.com,246.217.129.86
586,Charles,Gonzales,cgonzalesg9@prweb.com,167.226.253.161
587,Norma,Watkins,nwatkinsga@oaic.gov.au,83.240.59.208
588,Keith,Watkins,kwatkinsgb@mapy.cz,220.119.9.2
589,Bobby,Miller,bmillergc@google.co.jp,20.25.82.75
590,Larry,Walker,lwalkergd@hatena.ne.jp,62.66.166.38
591,Kimberly,Brooks,kbrooksge@mozilla.org,152.248.88.139
592,Antonio,Harper,aharpergf@cdbaby.com,4.202.143.168
593,John,Gonzales,jgonzalesgg@ucla.edu,140.125.142.76
594,Anna,Jones,ajonesgh@webnode.com,93.235.153.80
595,Beverly,Long,blonggi@feedburner.com,193.121.193.55
596,Phillip,Lewis,plewisgj@digg.com,66.238.70.31
597,Paula,Baker,pbakergk@google.co.uk,227.148.175.59
598,Roger,Spencer,rspencergl@earthlink.net,127.141.115.137
599,Dennis,Coleman,,101.69.89.7
600,Nicole,Owens,nowensgn@163.com,10.82.171.172
601,Angela,Woods,awoodsgo@army.mil,3.163.9.148
602,Harold,Peters,hpetersgp@360.cn,248.35.52.193
603,Sharon,Owens,sowensgq@about.me,80.230.196.74
604,Jerry,Jacobs,jjacobsgr@slashdot.org,194.228.217.139
605,Thomas,Coleman,tcolemangs@google.com.hk,6.134.101.129
606,Helen,Young,hyounggt@soundcloud.com,186.11.118.231
607,Amy,Knight,aknightgu@vimeo.com,22.190.171.89
608,Lisa,Burns,lburnsgv@nytimes.com,143.232.49.118
609,Frances,Boyd,fboydgw@youku.com,74.217.73.197
610,Daniel,Allen,dallengx@mysql.com,195.195.198.197
611,Paul,Walker,pwalkergy@ox.ac.uk,121.153.165.145
612,Diana,Garrett,dgarrettgz@wp.com,94.108.96.242
613,Rose,Cole,rcoleh0@posterous.com,250.79.235.156
614,Karen,Wilson,kwilsonh1@dmoz.org,129.34.18.82
615,Sara,Stevens,sstevensh2@theguardian.com,230.233.117.79
616,Clarence,Woods,cwoodsh3@tiny.cc,185.152.66.30
617,Arthur,Clark,aclarkh4@msu.edu,50.197.216.222
618,Bonnie,Black,bblackh5@paypal.com,105.52.100.123
619,Jason,Boyd,jboydh6@bloglines.com,86.184.109.222
620,Judith,Hunt,jhunth7@telegraph.co.uk,164.62.24.89
621,Douglas,Stevens,dstevensh8@skyrock.com,71.48.107.92
622,Judy,Kennedy,jkennedyh9@ted.com,234.58.73.1
623,Shawn,Turner,sturnerha@illinois.edu,41.64.252.135
624,Justin,Roberts,jrobertshb@icq.com,149.157.83.63
625,Thomas,Hudson,thudsonhc@wix.com,173.227.7.231
626,Antonio,Cunningham,acunninghamhd@printfriendly.com,144.135.84.21
627,Angela,Burns,aburnshe@home.pl,230.136.52.204
628,Judith,Arnold,jarnoldhf@nationalgeographic.com,107.125.172.78
629,Andrew,Oliver,aoliverhg@constantcontact.com,21.157.80.182
630,Jennifer,Hanson,jhansonhh@nbcnews.com,129.57.196.223
631,Walter,Sanders,wsandershi@dedecms.com,62.227.62.142
632,Ruby,Lawrence,rlawrencehj@sohu.com,51.201.97.234
633,Anna,Romero,aromerohk@nasa.gov,154.37.11.235
634,Randy,Mccoy,rmccoyhl@de.vu,31.157.205.85
635,James,Kennedy,jkennedyhm@indiatimes.com,165.186.54.94
636,William,Collins,wcollinshn@amazonaws.com,192.49.164.141
637,Ruth,Ellis,rellisho@salon.com,93.31.215.97
638,Sara,Shaw,sshawhp@acquirethisname.com,85.65.70.20
639,Justin,Ferguson,jfergusonhq@51.la,143.35.127.172
640,Antonio,Morris,amorrishr@myspace.com,64.22.91.115
641,Edward,Crawford,ecrawfordhs@pinterest.com,176.20.43.193
642,Betty,Richards,brichardsht@cmu.edu,217.165.110.192
643,Nicholas,Little,nlittlehu@homestead.com,205.113.159.63
644,Kevin,Gonzalez,kgonzalezhv@ox.ac.uk,204.27.135.8
645,Ruby,Schmidt,rschmidthw@uiuc.edu,20.149.135.237
646,Ralph,Wells,rwellshx@ox.ac.uk,135.175.52.184
647,Benjamin,James,bjameshy@domainmarket.com,5.113.164.190
648,Amanda,Hayes,ahayeshz@state.gov,139.25.117.196
649,Jose,Turner,jturneri0@yale.edu,105.124.50.244
650,Joe,Dixon,jdixoni1@paginegialle.it,185.121.144.142
651,Nicole,Ruiz,nruizi2@fastcompany.com,68.26.22.59
652,Annie,Fernandez,afernandezi3@zdnet.com,214.170.167.220
653,David,Scott,dscotti4@ca.gov,155.22.208.88
654,Edward,Mccoy,emccoyi5@cpanel.net,211.239.123.42
655,Diana,Pierce,dpiercei6@nasa.gov,84.251.122.124
656,Samuel,Washington,swashingtoni7@instagram.com,60.244.4.136
657,Carlos,Sullivan,csullivani8@alibaba.com,58.37.101.93
658,Norma,Welch,nwelchi9@angelfire.com,99.68.95.119
659,Gerald,Larson,glarsonia@pagesperso-orange.fr,151.44.100.213
660,Johnny,Rice,jriceib@youku.com,218.192.82.122
661,Arthur,Powell,apowellic@army.mil,170.234.122.155
662,Andrea,Frazier,afrazierid@oaic.gov.au,82.163.152.29
663,Matthew,Williamson,mwilliamsonie@europa.eu,54.160.167.225
664,Sharon,Lawrence,slawrenceif@homestead.com,70.165.17.180
665,Benjamin,Peterson,bpetersonig@nih.gov,247.9.155.11
666,Judith,Dean,jdeanih@merriam-webster.com,234.154.117.102
667,Arthur,Dean,adeanii@canalblog.com,82.69.125.93
668,Carol,Grant,cgrantij@zimbio.com,244.59.155.46
669,Christina,Dixon,cdixonik@va.gov,243.62.181.6
670,Dorothy,Myers,dmyersil@storify.com,12.48.168.151
671,Kevin,Frazier,kfrazierim@amazonaws.com,45.109.163.137
672,Jeffrey,Bishop,jbishopin@weebly.com,32.3.88.208
673,Elizabeth,Moore,emooreio@timesonline.co.uk,233.212.107.101
674,Lillian,Larson,llarsonip@mapy.cz,174.228.19.241
675,Stephanie,Greene,sgreeneiq@tinypic.com,236.50.39.167
676,Brian,Taylor,btaylorir@cyberchimps.com,62.90.153.183
677,Eric,Campbell,ecampbellis@marriott.com,243.204.27.207
678,Mark,Burke,mburkeit@geocities.jp,219.52.196.180
679,Shawn,Ward,swardiu@un.org,239.219.168.255
680,Joyce,Wallace,jwallaceiv@bbb.org,201.45.188.124
681,Theresa,Gordon,tgordoniw@yahoo.co.jp,80.16.244.44
682,Randy,Morgan,rmorganix@storify.com,213.184.166.65
683,Brandon,Pierce,bpierceiy@hp.com,108.17.223.78
684,Samuel,Gordon,sgordoniz@phoca.cz,117.204.55.223
685,Harry,Harvey,hharveyj0@telegraph.co.uk,243.69.112.56
686,Katherine,Garza,kgarzaj1@soup.io,158.74.36.128
687,Roy,Kim,rkimj2@guardian.co.uk,37.182.152.18
688,Martin,Banks,mbanksj3@wsj.com,108.7.220.101
689,Brian,Russell,brussellj4@hp.com,153.50.81.184
690,Joan,Mendoza,jmendozaj5@comsenz.com,15.178.124.97
691,Albert,Banks,abanksj6@addtoany.com,180.237.172.80
692,Margaret,Adams,madamsj7@vkontakte.ru,226.56.229.211
693,Louis,Perez,lperezj8@google.pl,35.71.231.142
694,Patrick,Moore,pmoorej9@whitehouse.gov,179.9.44.23
695,Stephen,Fernandez,sfernandezja@plala.or.jp,38.11.130.212
696,Anne,Stephens,astephensjb@mtv.com,118.11.208.32
697,Katherine,Kelly,kkellyjc@census.gov,234.153.182.163
698,Thomas,Andrews,tandrewsjd@mozilla.org,88.28.214.240
699,Shirley,Anderson,sandersonje@globo.com,196.161.0.155
700,Sandra,Wallace,swallacejf@amazon.co.jp,100.27.12.18
701,Judy,Burton,jburtonjg@nsw.gov.au,162.238.216.215
702,William,George,wgeorgejh@uiuc.edu,27.92.44.78
703,Henry,Simpson,hsimpsonji@oaic.gov.au,86.242.248.188
704,Lawrence,Chavez,lchavezjj@about.com,88.161.247.80
705,Rebecca,Frazier,,191.87.178.133
706,Margaret,Hamilton,mhamiltonjl@icio.us,87.17.163.162
707,Gloria,Montgomery,gmontgomeryjm@irs.gov,198.230.144.236
708,Russell,Watson,rwatsonjn@wsj.com,9.174.174.251
709,Donna,Duncan,dduncanjo@4shared.com,166.39.151.250
710,Michael,Henderson,mhendersonjp@sohu.com,84.127.133.74
711,Catherine,Long,clongjq@taobao.com,132.28.37.243
712,Lillian,Perez,lperezjr@state.tx.us,147.128.83.231
713,Barbara,Graham,bgrahamjs@cnn.com,207.45.113.48
714,Clarence,Rice,cricejt@wisc.edu,190.189.48.218
715,Phillip,Gonzalez,pgonzalezju@google.co.uk,251.174.114.126
716,Philip,Woods,pwoodsjv@whitehouse.gov,251.238.239.83
717,Paul,Welch,pwelchjw@twitter.com,193.138.41.162
718,Jennifer,Foster,jfosterjx@netlog.com,173.158.109.197
719,Ruth,Brown,rbrownjy@sogou.com,94.134.106.70
720,Stephen,Parker,sparkerjz@nasa.gov,10.53.143.47
721,Steve,Ford,sfordk0@spotify.com,216.143.232.207
722,Ronald,Schmidt,rschmidtk1@eventbrite.com,131.128.102.30
723,Ashley,West,awestk2@jugem.jp,238.127.195.54
724,Lillian,Burke,lburkek3@epa.gov,251.159.48.221
725,Willie,Lynch,wlynchk4@ocn.ne.jp,190.169.243.104
726,Jerry,Webb,jwebbk5@dell.com,95.191.153.135
727,Jane,Ruiz,jruizk6@jalbum.net,101.82.16.108
728,Julia,Jones,jjonesk7@sourceforge.net,201.57.241.164
729,Carlos,Williams,cwilliamsk8@umich.edu,193.216.248.92
730,Rebecca,Roberts,rrobertsk9@blogspot.com,228.117.89.93
731,Karen,Lopez,klopezka@theguardian.com,7.42.33.253
732,Pamela,Gonzalez,pgonzalezkb@vimeo.com,179.48.80.23
733,Joseph,Sanchez,jsanchezkc@ucoz.com,210.245.14.112
734,Raymond,Chapman,rchapmankd@scribd.com,80.144.24.225
735,Emily,Fowler,efowlerke@bing.com,189.120.45.203
736,Paul,Black,pblackkf@infoseek.co.jp,222.30.224.222
737,Patricia,Hicks,phickskg@tripadvisor.com,108.90.208.159
738,Phyllis,Morrison,pmorrisonkh@china.com.cn,139.18.151.127
739,Benjamin,Garrett,bgarrettki@slate.com,93.67.130.195
740,Amanda,Fox,afoxkj@tinyurl.com,92.170.9.108
741,Steve,Lynch,slynchkk@mysql.com,5.139.158.8
742,Barbara,Romero,bromerokl@archive.org,38.195.243.157
743,Helen,Fuller,hfullerkm@webs.com,250.166.234.152
744,Richard,Ray,rraykn@163.com,29.23.146.196
745,Russell,Rodriguez,rrodriguezko@ucoz.com,67.205.81.15
746,Donald,Green,dgreenkp@angelfire.com,1.14.48.223
747,Albert,Reed,areedkq@weibo.com,130.78.232.184
748,Jerry,Henry,,143.167.123.207
749,John,Williamson,,209.104.254.196
750,Ann,Mills,amillskt@ezinearticles.com,198.111.34.112
751,Shirley,Nelson,snelsonku@uol.com.br,108.107.241.25
752,Judith,Rodriguez,jrodriguezkv@paypal.com,177.153.75.253
753,Sara,Bailey,sbaileykw@google.es,39.106.21.10
754,James,Ellis,jelliskx@amazon.com,111.120.16.119
755,Kevin,Moore,kmooreky@scribd.com,85.211.164.150
756,Heather,Perez,hperezkz@networkadvertising.org,60.230.249.246
757,Timothy,Sanchez,tsanchezl0@nhs.uk,181.72.48.128
758,Steven,White,swhitel1@wix.com,93.139.214.170
759,Juan,Welch,,98.238.88.132
760,Shirley,Armstrong,sarmstrongl3@addtoany.com,161.82.130.137
761,Marilyn,Hart,mhartl4@aboutads.info,32.78.220.108
762,Nancy,Stone,nstonel5@fotki.com,209.177.52.186
763,Jesse,Hall,jhalll6@freewebs.com,65.252.116.106
764,Diane,Patterson,dpattersonl7@guardian.co.uk,191.139.134.203
765,Christopher,Rogers,crogersl8@amazon.co.jp,6.179.87.226
766,Louis,Woods,lwoodsl9@free.fr,9.63.108.238
767,Scott,Stewart,sstewartla@yellowpages.com,244.79.13.37
768,Kelly,Dixon,kdixonlb@ucsd.edu,55.108.134.171
769,Tina,Fields,tfieldslc@printfriendly.com,56.133.130.1
770,Billy,Arnold,barnoldld@prlog.org,171.189.207.228
771,Lois,Montgomery,lmontgomeryle@jimdo.com,65.5.89.209
772,Margaret,Fuller,mfullerlf@nps.gov,149.135.198.188
773,Matthew,Frazier,mfrazierlg@walmart.com,133.8.27.223
774,Billy,Marshall,bmarshalllh@cdbaby.com,214.217.39.32
775,Lawrence,Meyer,lmeyerli@ebay.co.uk,159.92.29.147
776,Brian,Stewart,bstewartlj@photobucket.com,163.77.128.77
777,Joyce,Hamilton,jhamiltonlk@ed.gov,227.106.76.197
778,Jane,Burke,jburkell@mashable.com,250.11.174.182
779,Paul,Burton,pburtonlm@surveymonkey.com,97.196.5.177
780,Harry,King,hkingln@simplemachines.org,67.127.31.197
781,Ernest,Nichols,enicholslo@sitemeter.com,17.199.103.33
782,Fred,Baker,fbakerlp@guardian.co.uk,6.208.221.3
783,Mary,Richards,mrichardslq@youku.com,104.168.159.81
784,Julia,Frazier,jfrazierlr@ycombinator.com,185.207.200.184
785,Julie,Lynch,jlynchls@live.com,66.113.139.176
786,Raymond,Morales,rmoraleslt@printfriendly.com,235.101.35.182
787,Paul,Gibson,pgibsonlu@admin.ch,4.78.74.193
788,Benjamin,Flores,,1.174.158.199
789,Jonathan,Myers,jmyerslw@redcross.org,70.136.225.0
790,Scott,George,sgeorgelx@home.pl,24.105.213.113
791,Carl,Freeman,,234.11.97.233
792,Todd,Pierce,tpiercelz@jiathis.com,141.233.124.56
793,Dorothy,Williamson,dwilliamsonm0@nasa.gov,31.44.118.10
794,David,Bishop,dbishopm1@rediff.com,179.144.107.98
795,Kathy,Berry,kberrym2@github.io,96.244.137.12
796,Dorothy,Welch,dwelchm3@xrea.com,98.188.69.84
797,Samuel,Hart,shartm4@prweb.com,55.223.132.42
798,Willie,Reed,wreedm5@wunderground.com,133.195.91.8
799,Beverly,Flores,bfloresm6@sakura.ne.jp,167.167.120.204
800,Jonathan,Armstrong,jarmstrongm7@pen.io,178.11.11.48
801,Martha,Lopez,mlopezm8@booking.com,3.172.197.42
802,Gregory,Little,glittlem9@furl.net,95.230.59.252
803,Andrea,Hart,ahartma@accuweather.com,12.124.193.144
804,Kevin,Powell,kpowellmb@cloudflare.com,226.61.207.253
805,Janet,Long,jlongmc@techcrunch.com,96.19.207.243
806,Arthur,Moreno,amorenomd@wsj.com,22.68.28.180
807,Betty,Harper,bharperme@ftc.gov,33.210.228.13
808,Bobby,Lawson,blawsonmf@addtoany.com,102.141.155.207
809,Lisa,Brown,lbrownmg@google.ru,61.237.138.244
810,Bruce,Chavez,bchavezmh@addthis.com,216.24.205.131
811,Dennis,Ryan,dryanmi@1688.com,82.0.141.141
812,Carolyn,Jordan,cjordanmj@samsung.com,89.121.46.229
813,Gary,Cox,gcoxmk@irs.gov,23.246.19.120
814,Todd,Stewart,,99.115.211.197
815,Michelle,Payne,mpaynemm@cbslocal.com,120.169.140.179
816,Richard,Alexander,ralexandermn@un.org,98.236.181.37
817,Peter,James,pjamesmo@networksolutions.com,41.126.251.223
818,Jane,Kelly,jkellymp@instagram.com,155.245.102.185
819,Scott,Reed,sreedmq@weather.com,206.176.76.178
820,Janet,Richards,jrichardsmr@nytimes.com,143.118.106.212
821,Jane,George,jgeorgems@studiopress.com,11.155.140.140
822,Deborah,Alexander,dalexandermt@netscape.com,94.72.182.127
823,Dennis,Miller,dmillermu@umn.edu,5.156.166.192
824,Jimmy,Lee,jleemv@icq.com,57.221.80.210
825,William,Foster,wfostermw@foxnews.com,104.102.253.53
826,Jason,Ryan,jryanmx@vkontakte.ru,101.162.37.83
827,Terry,Bennett,tbennettmy@360.cn,240.77.79.29
828,Nicole,Walker,nwalkermz@washington.edu,3.214.148.215
829,Anthony,Gibson,agibsonn0@indiatimes.com,236.22.123.49
830,Linda,Carr,lcarrn1@jimdo.com,179.167.110.49
831,Jane,Olson,jolsonn2@posterous.com,43.33.119.242
832,Kelly,Howard,khowardn3@unesco.org,175.28.112.191
833,Sara,Rose,srosen4@rakuten.co.jp,137.132.59.248
834,Maria,Richards,mrichardsn5@wikia.com,164.2.146.168
835,Sharon,Ross,srossn6@issuu.com,137.166.133.60
836,Billy,Thomas,bthomasn7@marketwatch.com,65.209.150.123
837,Judy,Hunt,jhuntn8@netvibes.com,47.35.39.102
838,Jane,Nichols,,252.3.14.220
839,John,Rivera,jriverana@google.de,242.164.9.253
840,Sara,Wilson,swilsonnb@wufoo.com,232.140.145.6
841,Ralph,Johnson,rjohnsonnc@de.vu,124.72.84.13
842,Tammy,Harper,tharpernd@ucla.edu,39.196.244.159
843,Marie,Palmer,mpalmerne@usa.gov,164.89.130.186
844,Virginia,Garza,vgarzanf@bravesites.com,116.86.12.96
845,Stephanie,Boyd,sboydng@a8.net,162.182.62.39
846,Kelly,Ray,kraynh@omniture.com,242.37.25.194
847,Richard,Medina,rmedinani@wordpress.org,43.168.71.205
848,Nancy,Black,nblacknj@bbc.co.uk,62.0.92.136
849,Jose,Wallace,jwallacenk@un.org,45.100.80.103
850,Rachel,Flores,rfloresnl@bizjournals.com,93.99.55.173
851,Henry,Powell,hpowellnm@taobao.com,192.8.228.32
852,Marie,Daniels,mdanielsnn@t-online.de,155.209.114.155
853,Kimberly,Day,kdayno@wix.com,199.146.146.132
854,Sean,Lewis,slewisnp@hostgator.com,65.22.168.216
855,Ann,Meyer,ameyernq@about.com,26.112.71.5
856,Nancy,Hill,nhillnr@xinhuanet.com,209.140.178.92
857,Roger,Moore,rmoorens@nbcnews.com,55.79.147.3
858,Nancy,Welch,nwelchnt@histats.com,112.32.101.42
859,Joan,Walker,jwalkernu@desdev.cn,181.189.198.97
860,Stephen,Sanchez,ssancheznv@youtu.be,13.125.188.94
861,Ronald,Burns,rburnsnw@cmu.edu,172.81.151.232
862,Norma,Wright,nwrightnx@forbes.com,87.143.121.248
863,Ruth,Alexander,,201.210.65.84
864,Kathleen,Miller,kmillernz@goodreads.com,50.123.79.32
865,Catherine,Jordan,cjordano0@time.com,229.43.27.33
866,Phillip,Pierce,ppierceo1@prlog.org,182.88.182.207
867,Teresa,Wagner,twagnero2@w3.org,26.25.16.192
868,Beverly,Stephens,bstephenso3@fotki.com,27.88.90.43
869,Bonnie,Hall,bhallo4@angelfire.com,254.82.79.187
870,Sharon,Hunt,shunto5@deviantart.com,150.37.167.72
871,Heather,Bishop,hbishopo6@is.gd,246.230.243.1
872,Ernest,Rose,eroseo7@cnet.com,180.253.209.176
873,Judith,Reynolds,jreynoldso8@rakuten.co.jp,248.213.197.0
874,Paul,Tucker,ptuckero9@kickstarter.com,176.13.80.158
875,Kimberly,Ortiz,kortizoa@vk.com,54.36.95.244
876,Robert,Garza,rgarzaob@woothemes.com,43.112.205.22
877,Kenneth,White,kwhiteoc@google.pl,160.229.116.109
878,Jose,Lewis,jlewisod@stumbleupon.com,253.182.249.80
879,Russell,Jones,rjonesoe@pbs.org,238.24.152.99
880,Ann,Alexander,aalexanderof@bandcamp.com,91.142.97.124
881,Todd,Walker,twalkerog@ezinearticles.com,153.222.144.11
882,Randy,Elliott,relliottoh@japanpost.jp,246.34.206.206
883,Heather,Griffin,hgriffinoi@hao123.com,201.208.147.254
884,Rachel,Evans,revansoj@ucsd.edu,110.68.74.144
885,Paul,Jackson,pjacksonok@japanpost.jp,167.215.242.29
886,Lisa,Boyd,lboydol@geocities.jp,43.16.199.197
887,Amanda,Wells,awellsom@icq.com,233.95.169.128
888,Gerald,Alexander,galexanderon@artisteer.com,177.75.2.22
889,David,Mcdonald,dmcdonaldoo@tiny.cc,130.143.176.40
890,Jason,Fuller,jfullerop@smugmug.com,89.156.9.16
891,Martha,Garcia,mgarciaoq@instagram.com,208.53.229.160
892,Cynthia,Cunningham,ccunninghamor@imageshack.us,90.31.252.99
893,Pamela,Dixon,pdixonos@google.pl,41.197.13.199
894,Jonathan,Owens,jowensot@abc.net.au,168.118.72.206
895,Jessica,Willis,jwillisou@barnesandnoble.com,13.227.181.68
896,Nicole,Gibson,ngibsonov@geocities.jp,64.180.26.3
897,Marilyn,Watson,mwatsonow@ebay.com,213.173.240.28
898,Lisa,Spencer,lspencerox@gov.uk,246.82.28.170
899,Martin,Weaver,mweaveroy@virginia.edu,30.65.249.2
900,Michael,Butler,mbutleroz@nyu.edu,45.37.252.108
901,Margaret,Ross,mrossp0@networksolutions.com,158.109.98.169
902,Sharon,Fuller,sfullerp1@goo.ne.jp,246.146.246.8
903,Betty,Edwards,bedwardsp2@canalblog.com,120.165.79.131
904,Jack,Oliver,joliverp3@wiley.com,231.214.108.192
905,Ronald,Brown,rbrownp4@trellian.com,79.141.89.40
906,Deborah,Peterson,dpetersonp5@wsj.com,241.102.48.10
907,Howard,Bell,,38.146.50.11
908,Robin,Lawrence,rlawrencep7@opensource.org,29.125.18.45
909,Stephen,Lopez,slopezp8@upenn.edu,4.31.202.200
910,Billy,Nichols,bnicholsp9@forbes.com,225.249.106.6
911,Johnny,Hawkins,jhawkinspa@meetup.com,99.108.28.94
912,Amy,Turner,aturnerpb@clickbank.net,171.128.206.72
913,Sean,Cunningham,scunninghampc@seesaa.net,201.241.38.71
914,Jane,Harvey,jharveypd@latimes.com,95.70.19.64
915,Michelle,Hughes,mhughespe@cnn.com,158.190.171.35
916,Rebecca,Fuller,rfullerpf@gmpg.org,0.138.115.216
917,Emily,Clark,eclarkpg@yellowpages.com,60.227.156.186
918,Brian,Ortiz,bortizph@time.com,131.1.173.100
919,Clarence,Reyes,creyespi@marketwatch.com,72.246.173.116
920,Patricia,Johnston,pjohnstonpj@google.de,246.108.173.29
921,Jeremy,Young,jyoungpk@vimeo.com,120.103.192.223
922,Lisa,Larson,llarsonpl@t.co,200.103.200.184
923,Peter,West,pwestpm@telegraph.co.uk,188.127.171.224
924,Martin,Cole,mcolepn@shareasale.com,148.56.120.90
925,Martin,Mason,,58.93.131.92
926,Alan,Day,adaypp@eventbrite.com,111.148.15.206
927,Amanda,Allen,aallenpq@tumblr.com,159.211.50.175
928,Victor,Hudson,vhudsonpr@ocn.ne.jp,4.141.108.237
929,Lois,Holmes,lholmesps@friendfeed.com,106.122.92.190
930,Anthony,Kennedy,akennedypt@nhs.uk,195.114.97.147
931,Kelly,Stanley,kstanleypu@dailymotion.com,93.199.61.207
932,Sara,Arnold,sarnoldpv@usda.gov,166.141.100.50
933,Diana,Lewis,dlewispw@ning.com,246.173.128.190
934,Janice,Garcia,jgarciapx@washingtonpost.com,249.254.85.153
935,Russell,Spencer,rspencerpy@cisco.com,107.228.201.13
936,Christine,Moore,cmoorepz@devhub.com,11.144.105.143
937,Jean,Wagner,,38.126.154.31
938,Maria,Olson,molsonq1@latimes.com,69.199.106.124
939,Susan,Arnold,sarnoldq2@webeden.co.uk,141.11.27.53
940,William,Murphy,wmurphyq3@dedecms.com,215.181.98.133
941,Amy,Little,alittleq4@ycombinator.com,108.60.174.249
942,Steve,Jones,sjonesq5@stumbleupon.com,49.31.117.122
943,Anna,Day,adayq6@deviantart.com,143.95.204.190
944,Jean,Anderson,,171.146.181.140
945,Martin,Payne,mpayneq8@istockphoto.com,138.66.149.162
946,Willie,Arnold,warnoldq9@webeden.co.uk,212.113.60.78
947,William,Chavez,wchavezqa@arstechnica.com,248.110.185.60
948,Cheryl,Castillo,ccastilloqb@ed.gov,238.220.83.118
949,Patrick,Andrews,pandrewsqc@theglobeandmail.com,250.101.221.90
950,Steven,Watson,swatsonqd@hatena.ne.jp,107.27.25.87
951,Pamela,Ryan,pryanqe@tamu.edu,151.106.201.242
952,Joshua,Palmer,jpalmerqf@ucoz.com,236.88.161.43
953,Irene,Stevens,istevensqg@google.fr,27.198.240.172
954,Wanda,Greene,wgreeneqh@instagram.com,33.170.193.53
955,Roger,Morgan,rmorganqi@yelp.com,191.107.174.7
956,Margaret,Jones,mjonesqj@army.mil,178.243.96.50
957,Mary,Roberts,mrobertsqk@cnn.com,54.74.190.156
958,Ruth,Burton,rburtonql@sphinn.com,221.190.60.231
959,Billy,Stanley,bstanleyqm@youtube.com,88.164.157.182
960,Steven,Mills,smillsqn@examiner.com,85.51.239.111
961,Joyce,Matthews,jmatthewsqo@hhs.gov,127.244.122.177
962,Norma,Brown,nbrownqp@google.it,155.133.6.78
963,Timothy,Hayes,thayesqq@ihg.com,245.247.26.250
964,Joshua,Jones,jjonesqr@ehow.com,12.238.12.55
965,Kelly,Henderson,khendersonqs@bluehost.com,165.133.236.214
966,Louise,Peterson,lpetersonqt@dell.com,199.32.250.165
967,Phyllis,King,pkingqu@theatlantic.com,205.124.199.69
968,Jimmy,Reyes,jreyesqv@google.co.jp,22.203.5.106
969,Richard,Rodriguez,rrodriguezqw@de.vu,9.133.9.63
970,Daniel,Perkins,dperkinsqx@webnode.com,154.59.243.112
971,Wanda,Montgomery,wmontgomeryqy@behance.net,24.149.214.221
972,Rebecca,Spencer,rspencerqz@whitehouse.gov,143.58.119.216
973,Daniel,Fox,dfoxr0@ibm.com,93.69.241.214
974,Deborah,Allen,dallenr1@ucoz.ru,160.222.156.151
975,Johnny,Parker,jparkerr2@narod.ru,202.253.126.217
976,Amy,Baker,abakerr3@youtu.be,1.191.162.208
977,Alice,Hunt,ahuntr4@deviantart.com,132.41.17.200
978,Steven,Alvarez,salvarezr5@jigsy.com,198.19.103.251
979,Walter,Robinson,wrobinsonr6@google.com.hk,214.112.183.92
980,Carol,Sanchez,csanchezr7@cornell.edu,88.66.124.94
981,Wanda,Matthews,wmatthewsr8@purevolume.com,10.140.72.176
982,Ashley,Wells,awellsr9@163.com,1.107.143.147
983,Justin,Thomas,jthomasra@newyorker.com,158.56.102.4
984,Jacqueline,Castillo,,6.119.188.120
985,Linda,Greene,lgreenerc@simplemachines.org,160.254.27.98
986,Daniel,Greene,dgreenerd@hud.gov,13.88.225.109
987,Laura,Duncan,lduncanre@alibaba.com,56.154.79.127
988,Laura,Bradley,lbradleyrf@salon.com,1.7.75.136
989,Jessica,Price,jpricerg@360.cn,47.140.40.153
990,Diana,Watson,dwatsonrh@addtoany.com,25.56.50.225
991,Joseph,Mcdonald,jmcdonaldri@ibm.com,121.34.21.185
992,Michael,Cooper,mcooperrj@ycombinator.com,157.135.250.89
993,Ralph,Coleman,rcolemanrk@example.com,251.235.29.154
994,Patrick,Cunningham,pcunninghamrl@amazonaws.com,161.11.26.230
995,Frank,Bennett,fbennettrm@mlb.com,54.18.37.164
996,Louise,Edwards,ledwardsrn@1und1.de,93.203.167.101
997,Jacqueline,Romero,jromeroro@myspace.com,82.97.67.206
998,Lisa,Hanson,lhansonrp@tripadvisor.com,228.27.176.255
999,Bonnie,Greene,bgreenerq@tumblr.com,175.44.139.126
1000,Kathy,Woods,kwoodsrr@sitemeter.com,137.251.21.78
